Crash Time of Day,Collision Type,Surface Condition,Light,Traffic Control,Driver Substance Abuse,Driver At Fault,Driver Distracted By,Vehicle First Impact Location,Vehicle Second Impact Location,Vehicle Body Type,Vehicle Movement,Speed Limit,Parked Vehicle
0,2,0,0,1,0,0,0,3,3,0,4,25,0
0,3,0,0,0,0,1,1,1,1,0,1,35,0
2,3,0,2,1,0,0,0,11,8,0,1,30,0
0,0,0,0,1,0,1,0,2,2,0,3,40,0
1,1,1,0,2,0,1,0,2,2,0,1,30,0
4,6,0,0,1,0,1,0,10,11,3,5,25,0
5,4,0,0,1,0,0,0,3,2,0,1,35,0
5,5,1,0,2,0,1,1,2,2,0,3,25,0
4,0,0,0,1,0,0,0,0,0,0,0,40,0
5,2,0,0,2,0,0,0,8,8,3,0,35,0
1,7,0,0,2,0,1,0,3,3,0,6,35,0
1,3,0,0,1,0,0,0,1,1,0,16,35,0
4,6,0,0,1,0,1,0,4,10,0,4,25,0
5,4,0,0,1,0,0,0,1,1,0,1,35,0
5,4,0,0,1,0,0,0,2,2,0,7,35,0
2,0,0,2,1,0,0,0,0,0,0,0,45,0
5,12,0,0,2,0,0,0,10,11,0,1,35,0
0,0,0,0,1,0,0,0,0,0,0,3,40,0
3,1,0,4,2,0,1,0,0,0,0,1,30,0
5,1,0,0,2,0,1,0,2,1,0,1,25,0
5,0,0,0,2,0,0,0,0,0,0,0,35,0
1,2,0,0,2,0,1,1,3,3,4,6,45,0
0,0,0,0,2,0,0,0,0,0,0,3,45,0
5,0,0,0,2,0,0,0,0,0,0,0,35,0
1,3,0,0,0,0,1,1,10,11,5,2,35,0
5,4,0,0,0,0,1,0,8,8,0,5,40,0
4,4,0,0,0,0,1,0,2,2,4,5,30,0
5,0,1,0,2,0,0,0,0,0,0,3,40,0
4,0,0,0,1,0,0,0,0,0,0,3,35,0
5,3,0,0,0,0,1,1,4,4,0,1,25,0
4,9,0,0,2,0,1,1,7,7,0,13,25,0
2,1,0,2,2,0,0,0,3,3,1,1,40,0
1,1,0,1,2,1,1,0,2,2,0,1,40,0
0,0,0,0,2,0,0,0,0,0,0,3,35,0
0,0,0,2,1,0,0,0,0,0,8,3,45,0
4,3,0,0,0,0,1,1,2,2,0,5,25,0
4,0,0,0,2,0,0,0,0,0,0,0,0,0
5,3,0,0,1,0,0,0,2,2,0,0,0,0
5,1,1,0,2,0,1,0,3,3,0,1,35,0
4,0,0,0,2,0,1,0,2,2,0,1,35,0
3,0,0,2,2,0,0,0,0,0,0,0,40,0
4,3,0,0,0,0,0,0,4,4,0,1,25,0
5,3,0,0,0,0,1,1,2,2,8,2,35,0
1,0,0,1,5,0,0,0,0,0,4,0,40,0
1,9,1,4,1,0,0,0,3,3,0,0,35,0
1,0,0,2,1,0,1,0,2,2,2,3,45,0
3,1,1,2,2,0,1,0,6,6,0,1,35,0
1,6,1,2,2,0,0,0,2,2,0,1,35,0
0,4,1,3,0,0,1,1,2,2,0,4,25,0
0,1,1,4,2,0,1,0,2,2,4,9,40,0
1,9,1,4,1,0,0,0,2,2,4,0,35,0
5,1,1,0,2,0,1,0,3,3,0,1,40,0
5,2,1,0,1,0,0,0,6,6,13,0,35,0
4,4,0,0,1,0,1,1,2,2,4,10,40,0
5,4,0,0,1,0,1,0,2,2,0,5,40,0
0,0,0,2,2,0,0,0,0,0,0,0,40,0
1,0,0,0,2,0,0,0,0,0,4,0,25,0
4,1,0,0,2,0,1,1,2,2,0,1,40,0
5,2,0,0,1,0,0,0,6,6,0,0,45,0
0,2,0,2,1,0,0,0,1,1,0,1,35,0
5,3,0,0,2,0,1,0,4,4,0,5,35,0
5,0,0,0,1,0,0,0,0,0,0,0,35,0
4,0,0,0,2,0,1,0,2,2,0,1,30,0
4,3,0,0,2,0,0,0,8,1,0,1,35,0
4,0,0,0,2,0,1,0,2,2,8,1,35,0
4,1,0,0,2,0,1,1,0,0,15,13,25,0
5,3,0,0,2,0,0,0,2,2,4,1,30,0
0,0,1,2,2,0,1,0,2,2,0,3,35,0
4,2,0,0,2,0,1,0,1,1,0,6,25,0
0,1,1,5,5,0,1,0,1,1,0,6,35,0
5,2,0,0,2,0,0,0,8,8,0,8,25,1
1,9,1,4,1,0,0,0,0,0,0,0,35,0
0,3,0,2,0,0,0,0,4,4,5,1,40,0
5,9,0,0,0,0,1,0,11,9,15,5,25,0
0,0,0,2,1,0,0,0,0,0,4,3,45,0
5,3,0,0,0,0,0,0,11,11,4,1,45,0
1,0,1,1,2,0,0,0,0,0,3,0,35,0
3,9,1,2,1,0,1,0,5,5,0,1,25,0
2,0,0,2,2,0,0,0,0,0,0,1,55,0
0,4,0,2,1,0,1,1,5,5,0,5,35,0
5,5,0,0,0,0,0,0,1,2,0,1,25,0
5,0,0,0,0,0,0,0,0,0,15,5,35,0
0,0,0,5,1,0,0,0,0,0,5,0,40,0
0,3,0,2,2,0,0,0,1,1,0,8,20,1
5,2,0,0,2,0,0,0,11,9,0,3,35,0
3,0,0,4,2,0,1,0,2,2,0,3,45,0
0,0,0,2,2,0,0,0,0,0,0,0,30,0
4,0,0,0,2,0,0,0,2,2,0,1,45,0
4,0,0,0,2,0,1,1,2,2,0,3,30,0
5,5,1,0,2,0,1,1,0,0,8,5,25,0
4,4,1,0,1,0,1,0,3,3,0,5,35,0
5,3,0,0,1,0,1,1,2,2,5,1,35,0
4,0,1,0,1,0,0,0,0,0,0,1,35,0
4,4,1,0,1,0,0,0,2,2,0,1,35,0
0,4,0,2,1,0,1,0,2,2,0,1,35,0
1,9,1,4,1,0,0,0,2,2,0,0,35,0
0,6,1,2,2,0,1,1,1,1,0,6,35,0
4,3,0,0,2,0,1,0,2,2,0,4,35,0
0,3,0,0,1,0,0,0,2,2,4,0,35,0
1,0,0,0,2,0,1,0,2,2,0,3,30,0
5,0,0,0,1,0,0,0,0,0,0,0,35,0
2,0,0,2,2,0,0,0,0,0,0,1,50,0
5,0,1,0,1,0,0,0,0,0,0,0,35,0
4,0,0,0,1,0,0,1,0,0,0,3,40,0
4,0,0,0,1,0,1,0,2,2,5,3,35,0
5,0,0,0,2,0,0,0,0,0,0,1,40,0
1,3,1,0,0,0,1,0,5,5,0,4,25,0
0,3,0,2,1,0,0,0,2,2,0,1,35,0
0,0,0,0,2,0,0,0,0,0,0,0,35,0
0,0,0,0,2,0,0,0,0,0,0,3,35,0
4,0,0,0,2,0,1,0,2,2,0,3,55,0
4,0,0,0,2,0,0,0,0,0,0,3,30,0
1,9,0,0,2,0,0,0,1,1,5,1,40,0
2,4,0,2,1,0,0,0,2,2,0,1,35,0
5,4,0,0,1,0,0,0,2,2,4,1,25,0
1,0,0,0,2,0,1,0,2,2,0,1,40,0
0,0,0,0,2,0,1,1,2,2,4,1,40,0
4,0,0,0,2,0,1,1,2,2,8,0,55,0
1,3,1,2,2,0,0,0,2,2,5,1,35,0
0,3,0,0,0,0,1,0,3,3,0,4,25,0
4,0,0,0,1,0,1,0,2,2,0,1,45,0
1,0,0,1,2,0,0,0,0,0,0,0,35,0
4,0,0,0,2,0,1,0,2,2,0,3,55,0
4,0,0,0,2,0,0,0,0,0,0,3,55,0
0,0,0,0,5,0,0,0,0,0,0,0,30,0
2,0,0,5,1,0,0,0,0,0,0,3,35,0
5,0,0,0,5,0,0,0,0,0,0,3,25,0
3,3,1,2,0,0,1,1,2,2,0,4,30,0
5,0,0,0,1,0,0,0,0,0,4,3,35,0
5,7,0,0,1,0,0,0,1,1,0,1,50,0
5,2,0,0,2,0,1,1,0,0,0,11,25,0
3,0,0,2,1,0,0,0,0,0,0,0,50,0
1,2,0,1,2,0,1,1,1,1,3,6,55,0
4,0,0,0,2,0,0,0,0,0,4,3,55,0
0,10,0,0,1,0,1,1,11,9,0,2,35,0
1,1,0,0,2,0,1,1,2,2,0,1,35,0
0,0,0,5,2,0,0,0,0,0,0,0,25,0
5,13,0,0,1,0,1,1,2,2,0,1,35,0
5,4,0,0,1,0,1,0,1,1,18,5,25,0
5,6,0,0,2,0,0,0,3,3,3,3,25,0
3,4,0,2,1,0,1,1,2,2,0,1,35,0
4,0,0,0,2,0,1,1,2,2,11,1,35,0
3,0,0,5,2,0,0,0,0,0,0,3,40,0
0,2,0,0,5,0,1,0,1,1,0,4,25,0
3,3,0,4,0,0,1,1,2,2,0,1,25,0
5,2,0,0,2,0,0,0,9,10,0,3,35,0
4,0,0,0,2,0,0,0,0,0,0,3,35,0
0,10,0,0,1,0,0,0,3,3,0,1,35,0
4,0,0,0,1,0,1,1,2,2,0,3,40,0
5,7,0,0,1,0,1,1,5,5,0,6,50,0
5,5,0,0,1,0,0,0,2,2,4,1,40,0
5,13,0,0,1,0,0,0,2,2,4,5,35,0
4,3,0,0,2,0,1,1,2,2,0,15,35,0
5,0,0,0,1,0,1,0,2,2,0,1,35,0
5,9,0,0,2,0,1,1,1,1,11,1,25,0
4,0,0,0,2,0,1,1,2,2,5,1,40,0
0,0,0,0,2,0,0,0,0,0,2,3,35,0
3,0,0,2,1,0,1,1,2,2,0,3,50,0
5,3,0,0,2,0,0,0,3,4,0,3,35,0
4,5,0,0,1,0,1,1,3,2,0,1,40,0
0,0,0,0,5,0,1,0,2,2,5,3,30,0
3,0,0,2,1,0,1,1,2,2,0,1,30,0
0,4,0,0,2,0,1,1,1,3,0,5,25,0
0,0,0,0,2,0,0,0,0,0,0,0,30,0
4,0,0,0,2,0,0,0,0,2,0,3,55,0
0,0,0,0,1,0,0,0,0,0,6,1,35,0
5,0,0,0,1,0,0,0,0,0,0,4,50,0
3,0,0,2,1,0,0,0,0,0,0,3,30,0
4,0,0,0,1,0,0,0,0,0,8,3,35,0
5,3,0,0,1,0,0,0,6,6,0,1,35,0
5,4,1,0,1,0,1,1,2,2,0,5,35,0
0,3,0,0,1,0,1,1,8,8,0,1,30,0
4,3,0,0,0,0,1,1,2,2,0,5,25,0
5,3,0,0,1,0,1,1,2,2,0,4,25,0
0,1,0,4,2,0,1,1,2,2,0,1,30,0
1,2,0,1,2,0,0,0,5,5,5,1,55,0
4,1,0,2,2,0,1,0,2,2,0,1,35,0
0,0,0,0,2,0,1,1,2,2,0,3,35,0
4,0,0,0,2,0,0,0,0,0,4,0,55,0
0,2,0,0,1,0,0,0,4,4,13,3,40,0
0,12,0,0,2,0,0,0,2,2,4,1,35,0
5,0,0,0,1,0,0,0,2,2,0,0,45,0
0,0,0,0,2,0,0,0,0,0,0,3,35,0
4,0,0,2,1,0,0,0,0,0,0,0,30,0
0,4,0,0,2,0,0,0,3,3,0,1,25,0
5,2,0,0,2,0,0,0,10,11,3,1,35,0
0,0,0,0,2,0,0,0,0,0,0,12,40,0
0,12,0,0,2,0,1,1,2,2,4,1,30,0
5,3,0,0,1,0,1,0,2,2,13,1,35,0
2,0,0,2,2,1,1,1,2,2,0,1,25,0
5,0,0,0,5,0,1,0,2,2,0,3,25,0
0,0,0,0,1,0,0,0,0,0,0,0,40,0
0,3,0,0,1,0,1,1,1,1,2,2,40,0
4,3,0,0,0,0,0,0,4,4,0,1,25,0
0,0,0,0,1,0,0,0,0,0,0,3,30,0
5,2,0,0,2,0,1,1,6,6,7,12,35,0
3,3,1,2,0,0,1,1,4,3,0,1,30,0
5,0,0,0,1,0,1,0,0,0,7,13,45,0
0,0,0,0,2,0,0,0,0,0,0,3,40,0
5,0,0,0,2,0,0,0,0,0,0,3,25,0
2,0,1,3,2,0,1,1,2,2,0,3,35,0
5,1,0,0,2,0,1,1,3,3,0,1,35,0
3,9,1,4,2,0,1,1,2,2,0,1,25,0
5,3,0,0,0,0,1,1,2,2,0,15,30,0
0,0,0,0,1,0,0,0,0,0,4,0,40,0
4,6,0,0,2,0,0,0,3,3,0,1,35,0
3,7,0,2,2,0,0,0,7,7,2,12,40,0
0,3,0,0,1,0,0,0,3,3,0,0,30,0
5,3,0,0,0,0,0,0,2,2,0,1,30,0
5,4,0,0,1,0,0,0,2,1,0,1,35,0
4,0,0,0,2,0,0,0,0,0,0,0,40,0
0,3,0,0,0,0,1,1,2,1,0,12,50,0
3,2,0,2,2,0,0,0,10,11,5,3,35,0
3,0,0,2,2,0,1,1,2,2,0,1,40,0
5,3,0,0,1,0,1,1,2,2,0,1,35,0
0,1,0,0,2,0,1,1,2,2,4,1,35,0
1,0,0,1,5,0,1,1,2,2,4,3,40,0
3,0,0,2,1,0,0,0,7,7,0,3,40,0
3,0,0,2,2,0,0,0,0,0,0,3,40,0
4,0,0,0,2,0,0,0,0,0,0,3,55,0
0,0,0,2,1,0,0,0,0,0,0,3,35,0
0,0,0,2,1,0,0,0,0,2,0,3,40,0
0,0,0,0,1,0,1,1,2,2,0,2,40,0
2,4,0,2,1,0,1,0,2,2,0,5,35,0
3,0,0,5,2,0,1,0,2,2,0,1,40,0
2,0,0,2,2,0,0,0,0,2,0,1,50,0
0,3,0,0,0,0,0,0,7,7,0,1,50,0
2,2,0,2,2,0,0,0,1,1,4,1,30,0
0,3,0,0,1,0,0,0,2,2,0,1,45,0
5,3,0,0,2,0,1,0,2,2,0,5,35,0
5,0,0,0,2,0,1,1,2,2,0,4,35,0
4,0,0,0,1,0,0,0,0,0,4,1,35,0
3,0,0,4,2,0,0,0,7,7,8,0,35,0
1,0,0,2,1,0,1,0,2,2,0,1,50,0
5,5,0,0,1,0,0,0,2,2,6,1,35,0
5,0,0,0,1,0,0,0,0,0,4,3,30,0
3,4,0,2,1,0,0,0,2,2,0,1,35,0
5,0,1,0,2,0,1,0,2,2,0,3,30,0
0,0,0,0,2,0,0,0,0,0,4,3,40,0
0,0,0,0,2,0,0,0,0,0,0,3,45,0
5,0,0,0,1,0,0,0,6,6,0,0,35,0
4,0,0,0,2,0,0,0,0,0,0,3,35,0
0,3,0,0,2,0,0,0,2,2,0,1,35,0
5,0,1,0,2,0,0,0,0,0,3,0,30,0
5,0,0,0,2,0,1,1,2,2,4,1,30,0
0,0,0,0,2,0,0,0,0,0,0,3,30,0
5,9,0,0,1,0,0,0,8,8,0,3,35,0
5,0,0,0,2,0,0,0,0,0,0,0,30,0
5,0,0,0,2,0,0,0,0,0,0,0,35,0
0,0,1,0,2,0,1,0,2,2,0,3,35,0
4,0,0,0,1,0,0,0,2,2,4,1,45,0
4,0,1,0,2,0,1,0,2,2,5,1,40,0
0,12,0,0,2,0,0,0,2,2,0,1,35,0
0,12,0,0,2,0,0,0,2,2,4,1,30,0
5,3,0,0,2,0,1,0,1,1,0,5,30,0
5,4,1,0,1,0,0,0,2,2,1,1,35,0
3,3,0,4,0,0,0,1,4,4,0,2,25,0
0,0,0,0,2,0,0,0,0,0,0,3,35,0
0,0,1,0,2,0,0,0,0,0,0,0,35,0
4,1,0,0,2,0,1,1,2,2,0,1,35,0
0,0,0,0,2,0,0,0,0,0,0,3,35,0
4,6,0,0,2,0,1,1,1,1,0,6,35,0
2,0,0,2,3,0,1,1,2,2,0,3,30,0
5,3,0,0,1,0,0,0,1,1,0,1,35,0
5,3,0,0,0,0,1,1,2,2,0,4,25,0
0,3,0,0,1,0,1,1,2,2,0,1,40,0
5,0,0,0,2,0,1,0,2,2,5,1,25,0
4,0,0,0,2,0,0,0,0,0,4,3,40,0
3,1,0,2,2,0,1,0,1,1,0,1,15,0
5,2,0,0,1,0,1,0,11,9,0,3,30,0
1,0,0,0,2,0,0,0,0,0,0,3,25,0
0,0,0,0,1,0,1,0,2,2,0,2,40,0
4,0,1,0,2,0,0,0,3,3,0,1,40,0
4,6,0,0,1,0,0,0,3,3,15,1,35,0
4,5,0,0,1,0,0,0,2,2,0,5,40,0
4,0,1,0,2,0,0,0,0,0,5,3,35,0
0,0,0,0,1,0,0,0,0,0,0,3,45,0
5,3,0,0,1,0,0,0,8,8,4,1,25,0
3,1,0,2,2,1,1,1,2,2,0,1,25,0
4,0,0,0,2,0,0,0,6,6,0,3,55,0
1,3,0,0,2,0,1,0,11,9,0,5,40,0
0,0,1,0,1,0,0,0,0,0,0,0,60,0
0,2,0,0,2,0,0,0,11,8,0,1,25,0
4,0,0,0,1,0,0,0,2,2,0,3,35,0
0,4,0,0,1,0,1,1,9,10,0,5,35,0
0,15,0,0,1,0,1,1,10,11,0,5,40,0
1,3,0,0,2,0,0,0,2,2,0,1,40,0
5,1,0,0,2,0,1,1,3,3,0,1,30,0
5,2,0,0,2,0,0,0,6,6,16,8,25,1
1,3,0,0,1,0,0,0,6,6,15,4,40,0
0,4,0,0,1,0,1,1,2,2,0,5,30,0
5,2,0,0,1,0,0,0,9,10,5,3,30,0
5,6,0,0,1,0,0,0,3,4,0,1,40,0
0,2,0,0,1,0,0,0,3,3,0,1,35,0
5,0,0,0,2,0,1,1,2,2,8,1,50,0
5,7,0,0,2,0,0,0,6,6,11,0,45,0
0,0,0,0,2,0,0,0,0,0,0,0,35,0
0,0,0,0,1,0,0,0,0,0,4,0,45,0
5,6,0,0,2,0,0,0,3,4,0,1,35,0
5,0,0,0,2,0,1,0,2,2,0,3,45,0
4,6,0,0,1,0,0,0,10,11,0,1,40,0
3,0,0,2,1,0,0,0,0,0,0,0,35,0
0,2,0,0,2,0,1,0,2,2,0,2,25,0
5,0,0,0,2,0,0,0,0,0,0,0,45,0
3,0,0,2,2,0,0,0,0,0,0,5,35,0
4,0,0,0,1,0,1,1,2,2,4,1,45,0
4,0,0,0,1,0,0,0,0,0,0,3,45,0
0,0,1,0,1,0,1,1,2,2,0,3,60,0
5,1,0,0,1,0,1,0,2,2,0,1,30,0
4,3,0,0,0,0,0,0,11,8,0,1,25,0
0,15,0,0,1,0,0,0,3,3,0,5,40,0
0,3,0,0,2,0,0,0,3,3,0,1,30,0
0,0,1,0,1,0,0,0,2,2,8,0,45,0
5,12,0,0,2,0,0,0,2,2,0,1,25,0
4,0,0,0,2,0,1,1,2,2,0,1,25,0
4,0,0,0,2,0,1,0,0,2,0,1,40,0
4,7,0,0,2,0,1,0,9,5,13,1,35,0
3,1,0,4,2,1,1,1,2,3,0,1,40,0
3,0,0,2,2,0,1,0,2,2,0,3,35,0
1,3,0,0,1,0,0,0,2,2,4,1,55,0
4,0,0,0,2,0,0,0,2,2,0,3,35,0
5,2,0,0,2,0,1,0,5,5,8,11,25,0
1,0,0,0,1,0,1,0,2,2,7,3,45,0
0,4,0,0,1,0,0,0,2,2,0,1,35,0
3,0,0,2,2,0,0,0,0,0,4,3,35,0
5,0,0,0,1,0,1,0,2,2,5,3,40,0
3,1,1,4,2,0,1,0,2,2,0,1,35,0
4,0,0,0,1,0,1,0,2,2,0,3,35,0
0,3,0,0,1,0,0,0,2,2,0,1,40,0
0,3,0,0,0,0,0,0,2,2,0,1,25,0
1,0,0,0,2,0,1,0,2,2,0,1,25,0
1,1,0,2,3,0,1,1,1,2,0,1,35,0
0,1,0,0,2,0,1,1,1,1,0,5,40,0
2,3,0,2,3,0,0,0,6,6,0,1,35,0
5,7,0,0,2,0,1,0,3,3,0,6,35,0
2,3,0,2,3,0,0,0,8,8,0,1,40,0
5,0,0,0,2,0,0,0,0,0,0,3,45,0
0,3,0,0,1,0,1,0,2,2,0,5,35,0
3,0,0,2,1,0,0,0,6,6,0,0,40,0
1,3,0,0,1,0,1,0,2,2,0,5,35,0
1,3,0,0,0,0,0,0,9,10,0,1,25,0
2,3,0,2,3,0,1,1,2,2,0,2,35,0
5,6,0,0,2,0,0,0,2,2,0,1,25,0
4,0,0,0,1,0,0,0,0,0,5,0,40,0
4,3,0,0,1,0,1,1,3,3,0,5,40,0
3,6,0,2,2,0,1,1,10,11,0,6,35,0
3,3,0,4,2,1,1,1,2,3,4,2,25,0
3,1,0,2,2,0,1,0,14,14,0,1,30,0
3,6,0,2,2,1,1,1,3,3,0,1,35,0
4,0,0,0,1,0,1,1,2,2,0,1,40,0
4,1,0,0,1,0,1,1,1,1,0,5,35,0
0,2,0,0,1,0,0,0,4,4,0,4,35,0
0,6,0,0,1,0,1,0,1,1,0,1,40,0
4,3,0,2,0,0,0,0,2,2,0,1,35,0
4,0,0,0,2,0,0,0,0,0,0,3,35,0
4,0,0,0,1,0,0,0,0,0,0,0,45,0
1,1,0,0,0,0,0,0,2,2,0,1,30,0
4,4,0,0,2,0,1,0,3,3,0,2,35,0
2,3,0,2,3,0,0,0,2,2,0,0,35,0
4,0,0,0,1,0,1,1,2,2,0,1,35,0
4,7,0,0,2,0,1,1,3,3,17,6,35,0
0,1,0,0,2,0,1,0,9,10,0,12,25,0
0,0,0,0,1,0,1,0,2,2,1,4,45,0
4,0,1,0,2,0,0,0,6,6,0,3,40,0
0,1,1,0,2,0,1,0,9,10,0,9,35,0
4,0,0,0,2,0,0,0,8,8,0,2,55,0
5,0,0,0,2,0,0,0,0,0,0,0,50,0
0,3,0,0,1,0,0,0,11,9,8,1,35,0
5,12,0,0,2,0,1,0,2,2,0,5,25,0
5,0,0,0,2,0,0,0,8,8,0,1,35,0
3,0,0,2,1,0,1,1,2,2,4,1,35,0
0,0,1,0,1,0,1,0,2,2,0,3,45,0
1,3,0,0,2,0,0,0,2,2,0,1,30,0
0,3,0,0,2,0,0,0,2,2,0,1,35,0
0,4,0,0,1,0,1,1,7,7,0,5,35,0
4,9,0,0,2,0,1,1,1,1,0,18,30,0
0,0,0,0,2,0,0,0,0,0,0,3,35,0
5,3,0,0,0,0,0,0,3,3,6,1,25,0
4,6,0,0,1,0,0,0,0,0,0,0,35,0
1,1,0,1,2,0,1,0,2,2,0,1,35,0
0,3,0,0,1,0,1,1,3,3,0,5,40,0
5,3,0,0,0,0,0,0,11,9,0,1,25,0
5,3,0,0,2,0,0,0,10,11,4,1,25,0
3,3,0,2,2,0,1,1,2,2,0,5,25,0
5,4,0,0,1,0,0,0,2,2,18,1,30,0
5,0,0,0,1,0,0,0,0,0,0,0,0,0
5,2,0,0,5,0,1,1,3,3,0,6,35,0
3,1,0,2,2,0,1,0,2,2,0,1,30,0
5,7,0,0,1,0,0,0,10,11,3,4,35,0
4,0,0,0,2,0,1,0,2,2,0,3,50,0
5,6,0,0,1,0,0,0,3,3,0,1,30,0
4,6,0,0,2,0,0,0,1,1,7,5,25,0
1,0,0,0,2,0,0,0,0,0,0,3,40,0
5,0,0,0,1,0,1,0,2,2,0,1,40,0
4,0,0,0,1,0,0,0,0,0,0,0,35,0
1,0,0,0,1,0,0,0,0,0,0,3,45,0
2,3,0,2,3,0,1,0,2,2,0,2,35,0
5,3,0,0,1,0,0,0,2,2,0,1,50,0
0,0,0,0,1,0,0,0,0,0,0,3,40,0
3,4,0,2,1,0,0,0,6,6,0,1,30,0
5,0,0,0,5,0,1,0,2,2,2,2,30,0
0,0,0,0,1,0,1,1,2,2,0,3,30,0
4,3,0,0,1,0,0,1,2,2,0,1,40,0
5,0,0,0,2,0,1,1,2,2,0,3,30,0
0,0,0,0,2,1,1,1,2,3,0,6,30,0
0,2,0,5,1,0,0,0,8,8,0,1,30,0
5,0,0,0,5,0,0,0,0,0,0,4,30,0
3,0,0,2,1,0,0,0,0,0,0,0,35,0
0,4,0,0,1,0,0,0,2,2,0,1,35,0
4,3,0,0,2,0,0,0,2,2,0,1,35,0
0,0,0,0,2,0,0,0,0,6,0,2,30,0
5,4,0,0,1,0,1,1,2,2,0,5,35,0
4,0,0,0,2,0,1,1,2,2,0,1,55,0
5,0,0,0,2,0,0,0,0,0,7,3,30,0
1,3,0,0,1,0,1,0,2,2,0,1,40,0
5,2,0,0,2,0,0,0,1,1,0,8,25,1
0,0,0,0,1,0,0,0,0,0,0,3,45,0
5,7,0,0,2,0,0,0,10,11,0,1,35,0
0,3,0,0,1,0,0,0,2,2,0,1,40,0
4,9,0,0,2,0,0,0,8,8,0,1,30,0
2,1,1,2,0,0,1,0,2,2,0,1,35,0
4,0,0,0,1,0,0,0,0,0,4,0,35,0
4,4,0,0,1,0,1,1,1,1,0,5,35,0
5,3,0,0,2,0,1,1,3,3,4,12,25,0
0,4,0,0,1,0,0,0,11,9,0,4,30,0
4,0,0,0,2,0,1,0,2,2,0,3,35,0
2,1,0,2,1,0,1,0,3,3,1,1,30,0
4,2,1,0,2,0,0,0,5,5,5,1,35,0
4,0,0,0,2,0,0,0,0,0,3,3,25,0
4,6,0,0,1,0,1,0,3,3,0,1,40,0
0,0,1,0,2,0,1,0,2,2,0,3,40,0
0,4,0,0,1,0,1,0,2,2,0,5,30,0
5,7,0,0,2,0,1,1,3,3,0,12,45,0
0,4,0,0,0,0,0,0,2,2,0,1,35,0
2,3,0,2,3,0,0,0,10,11,0,1,35,0
3,0,0,2,2,0,1,0,2,2,0,1,30,0
0,0,0,0,1,0,1,0,2,2,0,1,45,0
4,3,0,0,2,0,0,0,1,1,0,1,25,0
5,1,0,0,2,0,1,1,2,2,0,1,35,0
0,0,0,0,2,0,1,0,2,2,0,1,35,0
0,0,0,0,2,0,1,1,2,2,4,3,35,0
0,3,0,0,2,0,1,0,5,5,0,5,35,0
5,0,0,0,2,0,0,0,0,0,0,0,35,0
5,1,0,0,2,0,1,0,11,9,6,11,45,0
0,1,1,0,1,0,1,1,2,2,4,1,35,0
4,0,0,0,4,0,0,0,0,0,4,0,40,0
0,2,0,0,1,0,1,0,7,7,17,5,35,0
0,3,0,0,0,0,0,0,1,1,5,1,35,0
5,3,0,0,0,0,0,0,2,2,0,1,25,0
3,9,1,4,1,0,0,0,11,9,0,0,30,0
4,0,1,0,2,0,0,0,0,0,0,3,40,0
4,1,0,0,2,0,1,1,2,2,4,9,40,0
0,1,0,0,2,0,1,0,2,2,0,1,25,0
5,0,0,0,1,0,0,0,0,0,0,0,40,0
0,0,1,0,2,0,0,0,6,0,0,12,35,0
3,0,0,2,2,0,1,1,2,2,4,6,35,0
5,3,0,0,0,0,1,1,2,2,0,1,25,0
4,6,0,0,2,0,1,0,3,3,0,11,25,0
4,1,0,0,2,0,1,0,4,4,6,2,40,0
2,1,0,2,1,0,1,1,1,1,0,1,40,0
5,3,0,0,2,0,0,0,3,3,0,1,25,0
0,2,0,0,1,0,1,1,1,1,0,6,35,0
0,0,0,0,1,0,0,0,0,0,16,0,35,0
0,0,0,0,1,0,1,1,2,2,8,1,45,0
3,1,0,2,2,0,1,1,3,3,1,10,30,0
4,0,0,0,1,0,1,1,0,0,0,0,35,0
2,3,0,2,3,0,0,0,10,11,0,1,35,0
4,4,0,0,1,0,0,0,10,11,0,4,30,0
0,0,0,0,2,0,1,1,2,2,0,3,45,0
4,0,0,0,1,0,1,1,2,2,0,2,40,0
4,0,0,0,4,0,1,1,2,2,0,3,40,0
2,3,0,2,2,0,0,0,3,3,6,1,40,0
4,0,1,0,1,0,0,0,0,0,9,0,40,0
4,0,0,0,2,0,0,0,0,0,4,0,50,0
5,0,0,0,1,0,0,0,0,0,5,0,40,0
0,4,0,0,1,0,0,0,2,2,0,2,30,0
4,4,0,0,1,0,0,0,1,2,0,5,30,0
0,0,0,0,1,0,0,0,0,0,0,0,30,0
0,0,1,0,2,0,0,0,0,0,0,0,40,0
4,3,0,0,2,0,1,1,1,1,0,5,35,0
1,3,0,0,0,0,1,0,2,2,0,5,25,0
4,0,0,0,4,0,0,0,0,0,0,0,40,0
0,3,0,0,1,0,0,0,8,8,0,1,35,0
4,2,0,0,1,0,0,0,6,6,8,0,35,0
5,7,0,0,1,0,1,0,3,3,0,4,35,0
4,7,0,0,2,0,1,0,7,7,0,11,35,0
0,4,0,0,0,0,1,1,3,3,0,5,35,0
4,0,4,0,2,0,1,1,3,3,0,1,30,0
0,3,0,0,1,0,1,0,2,2,5,12,35,0
5,2,0,0,5,0,0,0,8,8,0,1,35,0
5,6,0,0,1,0,1,1,1,1,0,6,40,0
1,3,0,0,1,0,0,0,2,2,0,1,35,0
3,4,0,2,3,0,0,0,1,1,0,1,40,0
2,3,0,2,2,0,1,1,6,6,0,6,40,0
5,6,0,0,2,0,0,0,3,3,0,1,35,0