Crash Time of Day,Collision Type,Surface Condition,Light,Traffic Control,Driver Substance Abuse,Driver At Fault,Driver Distracted By,Vehicle First Impact Location,Vehicle Second Impact Location,Vehicle Body Type,Vehicle Movement,Speed Limit,Parked Vehicle
0,0,0,0,2,0,1,1,0,0,0,13,25,0
0,4,0,0,1,0,1,0,2,2,0,5,35,0
5,5,1,0,0,0,0,0,4,4,0,1,40,0
5,1,0,0,2,0,1,1,3,3,0,1,40,0
3,3,0,2,2,0,0,0,4,4,0,1,25,0
5,3,0,0,1,0,0,0,2,2,0,1,40,0
0,4,0,0,1,0,0,0,11,9,4,1,35,0
0,1,0,2,2,0,1,1,1,14,0,1,30,0
5,0,1,0,2,0,0,0,2,2,4,1,35,0
0,0,0,2,1,0,0,0,0,0,0,0,40,0
4,0,0,0,1,0,0,0,0,0,4,3,40,0
5,0,0,0,2,0,0,0,7,7,0,0,40,0
0,3,1,2,2,0,1,0,2,2,0,15,30,0
5,0,0,0,2,0,1,0,2,2,4,3,30,0
5,0,1,0,1,0,1,0,2,2,0,3,45,0
5,7,1,0,1,0,0,0,2,2,0,0,50,0
5,12,1,0,2,0,0,0,1,1,11,3,30,0
1,0,0,1,2,0,0,0,0,0,0,5,40,0
5,7,1,0,1,0,0,0,1,1,0,1,50,0
5,3,0,0,1,0,0,0,3,3,0,1,55,0
5,3,0,0,0,0,1,1,8,8,2,4,35,0
1,3,0,1,2,0,1,1,2,2,0,5,35,0
5,2,1,0,2,0,1,1,7,7,0,2,40,0
3,4,1,2,1,0,1,1,2,2,0,5,40,0
4,4,1,0,1,0,1,0,4,4,0,5,35,0
1,3,0,0,1,0,0,0,5,5,0,1,30,0
5,3,0,0,0,0,1,1,2,2,0,2,30,0
0,3,0,0,1,0,0,0,2,2,5,1,40,0
4,0,1,0,2,0,0,0,0,0,4,3,35,0
1,3,1,1,0,0,1,1,5,5,4,5,30,0
5,0,0,0,2,0,0,0,0,0,4,3,45,0
0,0,0,0,2,0,1,1,3,3,0,1,30,0
0,3,0,0,1,0,0,0,4,4,1,1,35,0
4,0,0,0,2,0,0,0,2,2,8,8,25,1
5,2,1,0,2,0,0,0,1,1,0,1,40,0
5,7,1,0,1,0,0,0,7,7,0,5,50,0
5,3,0,0,0,0,0,0,2,2,0,1,35,0
0,0,0,0,1,0,1,0,2,2,0,1,55,0
1,0,1,0,1,0,0,0,0,0,0,3,35,0
3,0,0,2,1,0,0,0,0,0,0,0,45,0
5,0,1,0,2,0,0,0,0,0,0,3,40,0
4,0,0,0,1,0,0,1,0,0,0,3,35,0
5,3,0,0,1,0,0,0,1,1,5,1,35,0
2,3,0,2,1,0,0,0,2,2,0,1,35,0
3,1,1,2,1,1,1,0,1,1,0,1,35,0
5,6,0,0,2,0,1,0,1,1,0,6,25,0
5,1,1,0,2,0,1,0,1,11,0,1,40,0
1,3,0,4,0,0,1,1,2,2,0,5,30,0
3,2,0,2,2,0,0,0,10,11,0,1,45,0
0,4,0,0,2,0,1,0,4,4,4,5,25,0
5,3,0,0,3,0,0,0,3,3,0,1,40,0
1,0,1,0,1,0,1,1,2,2,0,3,35,0
3,1,0,2,2,0,1,0,2,2,0,1,35,0
0,1,1,0,2,0,1,0,3,9,0,1,30,0
0,0,0,0,1,0,0,0,0,0,0,0,35,0
1,3,0,1,2,0,1,0,5,5,0,1,35,0
1,0,1,2,1,0,0,0,2,2,5,1,40,0
4,0,0,0,1,0,0,0,0,0,0,2,45,0
4,1,1,0,2,0,1,0,2,2,0,1,55,0
0,4,0,2,1,0,0,0,2,2,0,1,40,0
5,12,0,0,2,0,1,0,2,2,0,1,30,0
1,0,1,2,1,0,0,0,0,0,0,0,35,0
5,3,0,0,1,0,1,0,2,2,0,1,35,0
0,4,0,2,1,0,1,1,2,2,0,5,40,0
5,12,0,0,2,0,1,0,2,2,0,18,40,0
4,0,0,0,2,0,1,0,0,0,0,13,25,0
5,0,1,0,1,0,0,0,0,0,0,0,25,0
1,0,0,1,2,0,1,1,2,2,0,1,40,0
0,1,0,0,2,0,0,0,2,2,0,1,35,0
4,0,0,0,1,0,0,0,0,0,0,3,35,0
0,3,0,0,1,0,1,0,2,2,4,2,35,0
5,3,0,0,0,0,0,0,11,9,0,1,40,0
4,3,0,0,1,0,0,0,2,2,0,1,25,0
4,0,0,0,1,0,1,1,2,2,0,1,35,0
3,3,0,4,1,0,1,1,11,9,2,1,45,0
3,3,0,4,1,0,0,0,2,2,1,1,45,0
4,0,0,0,5,0,1,1,2,2,0,1,35,0
0,3,0,0,1,0,1,1,0,0,0,5,35,0
5,3,0,0,3,0,1,1,2,2,0,12,40,0
0,3,0,0,2,0,0,0,5,5,4,1,30,0
1,3,0,4,0,0,0,0,2,2,0,1,40,0
5,1,0,0,2,0,1,1,2,2,0,1,25,0
5,1,0,0,2,0,1,0,1,1,0,1,40,0
3,3,1,2,1,0,0,1,3,3,0,1,35,0
5,12,0,0,2,0,0,0,11,9,13,1,30,0
0,0,0,0,1,1,1,0,2,2,0,1,35,0
5,12,1,0,2,0,1,0,6,6,0,1,30,0
1,3,0,4,0,0,0,0,2,2,0,1,40,0
5,0,1,0,2,0,1,0,2,2,0,1,40,0
5,3,1,0,1,0,1,1,2,2,4,1,35,0
5,3,0,0,1,0,1,1,3,3,0,2,35,0
1,3,0,1,2,0,0,0,8,8,0,1,35,0
5,3,0,0,1,0,0,0,1,1,0,1,35,0
5,1,0,0,2,0,1,1,2,2,4,1,30,0
2,0,0,2,2,0,0,0,0,0,6,1,45,0
0,0,0,0,1,0,0,0,0,0,0,0,55,0
4,0,0,0,5,0,0,0,0,0,4,3,35,0
4,3,1,0,0,0,1,1,11,9,0,2,45,0
1,3,0,2,1,0,1,1,2,2,0,2,45,0
1,0,1,2,1,0,1,1,2,2,5,3,50,0
1,3,0,2,1,0,0,0,10,11,0,1,45,0
0,4,0,2,1,0,0,0,2,2,7,0,40,0
0,0,0,0,2,0,0,0,0,0,8,1,40,0
5,12,0,0,2,0,0,0,2,2,0,1,40,0
5,7,1,0,1,0,1,1,3,3,8,6,50,0
4,3,0,0,1,0,1,0,10,11,0,1,25,0
3,0,0,2,1,1,1,0,2,2,0,1,45,0
1,0,1,2,1,0,0,0,0,0,8,3,50,0
1,3,1,1,0,0,0,0,2,2,0,1,30,0
5,3,0,0,1,0,1,1,2,2,0,1,25,0
3,0,0,2,2,0,0,0,0,0,0,18,30,0
0,1,0,0,2,0,1,0,3,3,1,16,45,0
1,0,1,2,1,0,1,0,2,2,0,3,35,0
0,3,0,0,1,0,1,1,11,9,0,1,50,0
0,1,0,0,2,0,0,0,2,2,2,1,40,0
0,3,0,0,0,0,0,0,2,2,0,1,35,0
4,4,1,0,0,0,0,0,2,2,5,1,35,0
1,1,0,0,2,0,0,0,4,4,12,1,25,0
5,6,0,0,2,0,0,0,3,3,13,1,35,0
4,2,0,0,2,0,0,0,5,5,7,0,15,0
4,4,0,0,1,0,0,0,10,11,0,1,35,0
5,6,0,0,1,0,1,1,1,1,0,6,35,0
4,3,0,0,1,0,0,0,2,2,0,1,30,0
5,0,0,0,1,0,0,0,0,0,0,0,35,0
4,2,0,0,1,0,1,0,3,3,10,4,35,0
4,1,0,0,2,0,0,0,1,1,4,1,30,0
0,0,0,0,2,0,0,0,0,0,0,3,35,0
3,2,0,2,2,0,0,0,1,1,0,1,25,0
5,0,0,0,1,0,1,1,2,2,0,1,35,0
3,12,0,2,2,1,1,0,1,1,0,1,30,0
5,2,0,0,2,0,1,1,4,4,0,1,35,0
5,6,0,0,2,0,0,0,3,3,0,1,30,0
5,0,0,0,2,0,0,0,0,0,4,1,40,0
5,0,0,0,2,0,0,0,0,0,0,0,35,0
5,3,0,0,2,0,0,0,2,2,0,1,40,0
4,2,0,0,1,0,0,0,8,8,13,0,35,0
5,3,0,0,2,0,1,1,11,9,0,12,45,0
0,0,0,0,1,0,0,0,0,0,0,3,35,0
3,3,0,2,1,0,0,0,2,2,4,2,35,0
5,1,0,0,1,0,1,0,3,4,7,1,45,0
5,0,0,0,2,0,0,0,0,0,0,3,45,0
3,3,0,2,1,0,0,0,4,4,0,5,35,0
3,2,0,4,2,0,1,1,3,3,4,1,25,0
3,3,0,2,1,0,1,0,2,2,0,2,35,0
0,0,0,0,1,0,1,1,2,2,0,1,35,0
0,3,0,0,0,0,1,0,2,2,0,12,25,0
0,0,0,0,1,0,0,0,0,0,0,0,30,0
5,3,0,0,2,0,1,1,2,2,0,5,40,0
5,0,0,0,2,0,0,0,0,0,0,0,40,0
5,0,1,0,1,0,0,0,0,0,0,0,25,0
3,9,1,2,2,0,0,0,5,5,0,8,35,1
0,5,0,0,1,0,1,0,3,3,0,5,35,0
5,6,0,0,1,0,0,0,3,3,0,1,35,0
5,12,0,0,2,0,0,0,2,2,0,1,30,0
0,0,0,0,2,1,1,1,2,2,4,1,50,0
5,0,0,0,2,0,1,0,2,2,8,1,45,0
4,1,0,0,1,0,1,1,2,2,0,5,35,0
5,0,0,0,2,0,0,0,0,0,4,1,40,0
4,3,0,0,0,0,0,0,2,2,0,1,35,0
4,4,1,0,0,0,1,0,5,5,0,5,35,0
3,1,0,2,2,0,1,1,3,3,0,2,30,0
0,3,0,0,0,0,1,1,8,8,0,5,35,0
0,3,0,0,0,0,0,0,9,10,3,1,35,0
1,5,0,0,2,0,1,0,3,3,0,5,35,0
0,1,0,0,2,0,1,0,4,4,6,3,35,0
5,6,0,0,2,0,1,1,11,9,5,10,35,0
5,3,1,0,2,0,1,1,11,9,0,5,30,0
5,4,0,0,1,0,1,0,5,5,8,5,35,0
1,5,0,0,2,0,0,0,10,11,0,1,35,0
4,1,0,0,2,0,1,0,2,2,0,9,45,0
5,0,0,0,2,0,1,1,2,2,0,1,35,0
4,3,0,0,1,0,1,1,4,10,0,5,30,0
0,1,0,0,2,0,1,0,3,3,0,1,40,0
0,5,0,0,0,0,0,0,10,11,0,1,25,0
5,3,1,0,2,0,0,0,2,2,0,1,30,0
2,1,1,2,2,1,1,1,2,2,0,1,25,0
5,0,0,0,2,0,1,0,2,2,7,1,40,0
0,3,0,0,0,0,0,0,2,2,0,1,35,0
5,1,0,0,1,0,1,0,2,2,0,1,35,0
5,2,0,0,2,0,0,0,8,8,13,1,35,0
4,4,0,0,1,1,1,1,3,3,0,2,35,0
0,2,0,0,1,0,1,0,4,4,21,3,35,0
0,0,0,0,1,0,0,0,0,0,0,3,35,0
5,3,0,0,2,0,0,0,2,2,0,1,45,0
3,3,0,2,1,0,1,1,9,10,0,1,40,0
0,0,0,0,2,0,1,1,2,2,0,1,35,0
1,2,1,0,2,0,0,0,12,12,5,1,15,0
0,2,0,0,1,0,0,0,8,8,5,0,35,0
3,9,1,2,2,0,1,0,6,6,16,1,35,0
5,4,0,0,1,0,0,0,2,2,0,1,35,0
0,5,0,0,1,0,0,0,2,2,0,1,35,0
4,0,0,0,1,0,0,0,0,0,0,0,40,0
5,8,0,0,5,0,0,0,0,0,0,3,30,0
4,2,0,0,2,0,1,0,8,8,13,11,15,0
5,0,0,0,2,0,0,0,0,0,18,0,40,0
5,0,0,0,2,0,0,0,0,0,4,3,45,0
4,3,0,0,0,0,1,0,10,11,0,5,35,0
5,1,0,0,2,0,1,1,2,2,18,1,30,0
3,2,0,2,2,1,1,1,7,7,0,1,25,0
5,0,0,0,1,0,0,0,0,0,4,0,35,0
1,7,1,2,2,0,0,0,1,1,3,1,35,0
3,1,1,2,2,0,1,0,2,2,0,1,35,0
1,3,1,2,1,0,0,0,1,1,0,1,45,0
4,0,0,0,2,0,0,0,0,0,4,1,35,0
3,3,0,2,1,0,0,0,11,9,5,1,40,0
3,0,0,2,2,1,1,1,2,2,0,1,35,0
3,3,0,2,1,0,0,0,2,2,0,1,35,0
5,3,0,0,1,0,0,0,2,2,0,4,35,0
0,2,0,2,2,0,0,0,4,4,0,1,35,0
0,0,0,2,1,0,0,0,0,0,0,0,35,0
0,5,0,0,0,0,1,1,2,2,4,15,35,0
0,0,1,2,1,0,0,0,0,0,0,12,40,0
0,3,1,2,1,0,1,0,2,2,4,3,35,0
4,0,0,0,2,0,1,0,2,2,0,3,35,0
3,0,0,2,2,0,0,0,0,0,4,3,35,0
3,1,0,4,2,0,1,0,3,3,0,1,35,0
5,3,1,0,1,0,1,0,3,3,5,5,30,0
4,6,0,0,1,0,0,0,4,4,0,1,25,0
0,0,0,2,1,0,0,0,0,0,0,1,35,0
5,3,0,0,1,0,0,0,2,2,0,1,45,0
3,2,0,2,2,0,1,1,3,3,0,1,35,0
5,2,0,0,2,0,0,0,4,4,3,1,40,0
3,3,1,2,1,0,1,1,2,2,0,1,25,0
5,1,0,0,2,0,1,0,6,6,17,12,35,0
4,2,0,0,1,0,1,1,9,10,0,6,40,0
4,6,0,0,1,0,1,0,6,6,4,5,35,0
0,4,0,0,1,0,0,0,1,1,13,0,35,0
0,3,0,0,2,0,1,0,7,7,4,5,35,0
3,1,0,3,2,0,1,0,2,2,2,1,30,0
0,3,1,0,2,0,0,0,2,2,0,1,40,0
4,0,0,0,1,0,0,0,0,0,8,0,40,0
5,7,0,0,2,0,0,0,1,1,0,1,55,0
3,3,0,2,2,0,1,0,2,2,0,12,25,0
4,1,1,0,0,0,1,0,3,2,0,1,30,0
2,1,0,2,2,0,1,1,2,2,0,1,15,0
0,9,0,0,2,0,1,0,11,9,6,1,30,0
5,3,0,0,2,0,0,0,2,2,0,1,45,0
5,4,0,0,1,0,1,1,2,2,0,1,35,0
5,2,0,0,2,0,1,0,9,10,0,1,30,0
5,0,0,0,2,0,0,0,0,0,0,8,0,1
2,3,1,2,1,1,1,0,2,2,5,2,30,0
4,1,1,0,2,0,0,0,3,3,0,1,35,0
3,2,0,2,2,0,1,1,2,2,2,1,45,0
4,3,0,0,1,0,1,1,2,2,0,1,35,0
5,0,0,0,2,0,1,0,2,2,0,6,35,0
3,3,0,2,1,0,0,0,2,2,0,1,55,0
5,0,0,0,2,0,0,0,2,2,0,1,30,0
5,2,0,0,2,0,0,0,8,8,0,6,30,0
5,0,0,0,2,0,1,0,6,6,2,5,30,0
1,4,1,1,1,0,0,0,2,2,0,1,35,0
5,0,1,0,2,0,1,1,2,2,0,3,30,0
5,0,0,0,2,0,0,0,0,0,0,1,35,0
4,2,0,0,2,0,1,0,5,5,0,1,25,0
4,3,0,0,0,0,0,0,7,7,0,1,30,0
2,1,1,2,1,1,1,1,2,2,0,5,40,0
5,1,0,0,2,0,1,0,7,7,16,10,30,0
1,3,1,2,3,0,1,1,9,2,0,4,40,0
5,1,0,0,2,0,0,0,3,3,0,1,35,0
5,0,1,0,1,0,1,0,2,2,1,3,45,0
0,0,0,0,2,0,0,0,0,0,0,0,30,0
2,3,1,2,1,1,0,0,2,2,0,2,30,0
3,2,0,2,2,0,0,1,6,6,4,4,45,0
4,0,0,0,1,0,0,0,0,0,4,0,35,0
4,3,0,0,1,0,0,0,5,5,0,1,35,0
5,0,0,0,2,0,1,0,2,2,0,1,40,0
3,12,0,2,2,0,1,0,1,1,4,3,35,0
0,2,0,0,1,0,1,1,0,0,5,6,45,0
1,12,0,5,2,0,1,1,2,2,4,1,50,0
3,0,0,2,1,1,1,1,2,2,0,1,35,0
5,4,0,0,1,0,1,1,3,4,0,5,35,0
5,0,0,0,2,0,0,0,0,10,0,1,40,0
0,9,0,0,2,0,0,0,8,8,0,1,30,0
5,0,1,0,1,0,1,1,2,2,8,1,40,0
4,3,0,0,0,0,1,1,2,2,8,15,25,0
3,0,0,2,1,0,0,0,0,0,0,4,35,0
4,3,0,0,2,0,1,0,3,3,0,6,35,0
1,0,0,0,1,0,0,0,0,0,0,0,35,0
3,12,0,4,2,0,1,1,2,2,4,1,35,0
1,3,1,2,3,0,0,0,2,2,0,1,40,0
5,2,0,0,2,0,0,0,1,1,0,1,55,0
5,1,0,0,2,0,1,0,2,2,0,1,25,0
0,0,1,0,1,0,0,0,0,0,2,0,40,0
1,2,0,2,2,0,1,1,3,3,0,1,40,0
5,0,1,0,2,0,0,0,0,0,5,3,30,0
0,0,0,0,2,0,0,0,0,0,0,3,35,0
3,3,0,2,1,0,1,1,2,2,0,1,25,0
4,0,1,0,2,0,1,1,2,2,0,1,55,0
5,3,0,0,0,0,0,0,8,8,0,1,30,0
4,0,0,0,1,0,1,0,2,2,4,3,35,0
4,2,0,0,4,0,1,1,1,1,7,2,15,0
4,0,0,0,1,0,0,0,0,0,4,0,35,0
1,1,1,0,2,1,1,1,1,1,0,1,25,0
1,3,0,2,3,0,0,0,2,2,13,1,30,0
5,0,0,0,1,0,0,0,0,0,0,0,35,0
0,3,0,0,0,0,1,1,2,2,4,12,25,0
4,2,0,0,2,0,0,0,12,12,8,1,25,0
4,7,0,0,2,0,0,0,1,1,0,1,35,0
1,3,1,2,3,0,0,0,1,1,7,1,30,0
1,3,1,2,1,0,0,0,2,2,5,1,45,0
1,1,1,0,2,0,1,0,2,2,0,1,45,0
2,1,0,2,2,0,0,0,2,2,1,1,45,0
5,7,0,0,2,0,0,0,4,4,0,1,55,0
5,0,0,0,1,0,1,0,2,2,0,2,35,0
1,3,1,2,1,0,1,1,6,6,0,4,35,0
2,2,0,2,3,0,1,1,2,2,0,5,30,0
0,5,1,0,2,0,1,1,9,10,0,5,25,0
2,1,1,2,2,0,1,0,2,2,0,1,30,0
5,3,0,0,0,0,0,0,2,2,0,1,35,0
2,2,0,2,3,0,0,0,1,1,0,1,30,0
4,7,0,0,2,0,1,1,7,7,0,6,35,0
4,0,0,0,1,0,0,0,0,0,8,4,40,0
5,2,0,0,2,0,1,0,4,4,0,2,30,0
3,12,0,4,2,0,0,0,2,2,4,1,35,0
1,2,0,2,2,0,0,0,3,3,0,1,40,0
5,0,1,0,1,0,0,0,0,0,0,3,40,0
4,3,0,0,0,0,0,0,2,2,0,1,35,0
0,1,1,0,2,0,1,0,2,2,0,1,30,0
2,1,0,4,2,1,1,0,2,2,0,1,60,0
1,12,0,5,2,0,0,0,2,2,0,1,50,0
4,3,0,0,2,0,0,0,1,1,0,1,35,0
0,1,1,0,2,0,1,1,2,2,0,1,30,0
1,3,1,2,3,0,1,0,2,2,0,1,25,0
0,3,0,0,1,0,0,0,3,3,1,16,35,0
0,0,0,0,2,0,1,1,2,2,0,1,30,0
0,5,1,0,2,0,0,0,2,2,0,1,25,0
4,1,0,0,2,0,0,0,2,2,1,1,55,0
0,3,0,0,0,0,0,0,3,3,5,1,35,0
4,3,0,0,0,0,1,1,10,11,0,5,35,0
4,1,1,0,2,0,1,0,2,2,0,1,40,0
0,2,1,0,2,0,0,0,7,7,0,1,50,0
4,0,0,0,1,0,1,0,2,2,4,1,40,0
5,0,0,0,2,0,0,0,0,0,0,8,0,1
4,0,0,0,1,0,0,0,0,0,0,0,35,0
1,4,1,1,1,0,1,0,2,2,4,5,35,0
4,0,1,0,2,0,0,0,0,0,4,1,55,0
5,3,0,0,2,0,1,1,6,6,0,3,45,0
1,1,0,0,2,0,1,0,2,2,0,1,30,0
0,2,0,0,2,0,1,0,3,3,3,1,25,0
5,3,0,0,0,0,0,0,2,2,0,1,35,0
5,1,0,0,1,0,1,1,2,2,5,1,30,0
0,0,1,0,1,0,1,1,2,2,0,1,40,0
5,0,0,0,1,0,0,0,2,3,0,1,35,0
3,1,0,2,2,0,1,0,3,3,0,1,40,0
0,3,0,0,2,0,1,1,2,2,0,5,25,0
4,6,0,0,1,0,0,0,2,2,5,1,35,0
5,0,0,0,5,0,1,1,2,2,0,15,40,0
0,3,0,0,2,0,0,0,3,3,0,1,30,0
4,3,0,0,0,0,0,0,3,3,0,1,35,0
5,0,1,0,1,0,0,0,0,0,0,0,50,0
5,2,0,0,1,0,1,1,8,8,0,6,45,0
5,2,0,0,1,0,1,1,1,1,0,4,40,0
1,1,0,2,2,0,1,0,2,2,0,1,40,0
2,3,0,2,3,0,0,0,2,2,0,1,35,0
2,1,0,2,0,1,1,0,2,14,0,1,35,0
0,0,0,0,1,0,0,0,6,6,0,1,35,0
3,1,0,4,2,1,1,1,2,2,0,2,30,0
3,3,0,0,1,0,0,0,2,2,11,5,40,0
0,0,0,0,2,0,0,0,0,0,0,0,35,0
5,0,1,0,1,0,0,0,0,0,0,0,30,0
1,3,0,1,3,0,1,0,6,6,0,2,30,0
0,3,0,0,2,0,0,0,3,4,0,1,25,0
0,3,0,0,2,0,1,0,2,2,0,5,15,0
4,1,0,0,2,0,0,0,0,0,0,14,25,0
0,2,0,0,2,0,1,1,3,3,8,1,35,0
5,0,1,0,1,0,0,0,0,0,0,0,50,0
5,3,0,0,1,0,1,1,9,4,0,5,40,0
3,2,0,4,2,0,1,1,3,3,0,1,35,0
5,3,0,0,2,0,1,1,4,4,11,15,40,0
1,4,0,0,2,0,0,0,2,2,1,1,40,0
2,3,0,2,3,0,1,0,11,9,0,2,30,0
1,1,0,1,2,0,0,0,5,5,2,1,30,0
5,0,1,0,1,0,0,0,0,0,0,0,50,0
5,1,1,0,2,0,1,1,2,2,0,1,30,0
0,0,1,0,2,0,0,0,0,0,0,3,35,0
5,1,0,0,2,0,1,1,2,2,0,1,25,0
0,3,0,0,1,0,0,0,2,2,11,1,40,0
2,12,0,2,2,0,1,0,2,2,2,3,25,0
5,3,0,0,1,0,0,0,2,2,0,0,30,0
4,3,0,0,1,0,0,0,11,9,0,1,40,0
0,4,0,0,2,0,0,0,2,2,0,1,30,0
0,0,1,0,2,0,1,1,2,2,0,1,35,0
0,3,0,0,1,0,0,0,2,2,3,1,15,0
4,0,0,0,1,0,0,0,0,0,0,4,35,0
5,7,0,0,1,0,0,0,6,6,7,1,35,0
4,1,0,0,2,0,1,1,2,2,0,1,40,0
0,0,0,0,0,0,1,1,3,2,4,2,35,0
0,0,0,0,2,0,0,0,0,0,0,5,40,0
5,2,1,0,2,0,0,0,3,3,0,3,40,0
1,1,0,1,2,0,1,0,3,13,0,1,35,0
0,4,0,0,1,0,0,0,2,2,0,1,35,0
4,9,0,0,2,0,0,0,3,3,0,8,15,1
5,3,0,0,1,0,0,1,1,1,10,1,25,0
5,0,0,0,1,0,0,0,6,6,0,3,35,0
5,3,0,0,0,0,1,1,3,3,0,2,40,0
0,12,0,0,2,0,1,1,2,2,0,5,25,0
5,0,1,0,1,0,0,0,0,0,0,0,50,0
0,3,0,0,1,0,1,1,5,5,4,5,40,0
0,2,0,0,1,0,0,0,7,7,8,1,45,0
0,0,0,0,2,0,0,0,0,0,10,8,25,1
0,4,0,0,1,0,1,0,2,2,0,5,35,0
0,3,0,0,0,0,1,0,2,2,0,3,25,0
0,6,0,0,2,0,0,0,3,3,0,1,35,0
0,3,0,0,1,1,1,0,2,2,0,1,35,0
5,0,0,0,5,0,0,0,0,0,0,2,35,0
5,4,0,0,1,0,0,0,2,2,8,1,30,0
0,1,0,5,2,0,1,0,3,3,0,1,35,0
3,3,0,2,1,0,1,0,2,2,0,1,30,0
4,13,0,0,0,0,1,0,10,11,3,5,15,0
5,4,1,0,1,0,0,0,1,2,0,1,40,0
2,1,0,2,3,0,0,0,8,8,1,1,35,0
5,0,0,0,2,0,1,1,2,2,0,1,25,0
2,3,0,2,1,1,1,0,11,9,0,1,40,0
0,3,1,0,1,0,0,0,2,2,0,1,35,0
5,4,1,0,1,0,1,1,3,3,0,5,40,0
2,3,0,2,1,0,0,0,2,2,0,2,40,0
0,2,0,0,2,0,1,0,7,7,3,1,30,0
5,3,0,0,2,0,0,0,2,2,0,1,40,0
0,0,0,5,2,0,0,0,0,0,0,8,35,1
1,1,0,0,2,0,1,1,2,2,4,1,25,0
0,2,0,0,2,0,0,0,1,1,0,14,30,0
0,3,0,0,1,0,0,0,2,2,0,1,30,0
5,3,0,0,1,0,1,1,2,2,0,1,35,0
3,3,1,2,0,0,1,1,10,11,0,1,25,0
4,0,0,0,1,0,1,1,6,6,4,17,40,0
5,3,0,0,1,0,1,0,2,2,0,1,35,0
5,3,0,0,1,0,0,0,1,8,0,1,30,0
0,0,0,0,0,0,1,0,2,2,0,3,35,0
5,3,0,0,1,0,0,0,2,2,8,5,0,0
0,1,1,0,2,0,1,0,7,7,0,1,50,0
0,3,0,0,1,0,1,1,2,2,0,1,30,0
3,3,1,2,0,0,0,0,2,2,0,1,25,0
4,0,0,0,1,0,0,0,3,3,8,1,40,0
0,1,0,0,0,0,1,1,2,2,0,5,30,0
2,0,0,2,2,1,1,0,2,2,0,2,20,0
0,1,1,0,1,0,1,0,2,2,0,3,40,0
3,3,0,2,1,0,0,0,2,8,0,1,40,0
5,1,0,0,2,0,1,0,4,4,1,13,0,0
4,13,0,0,0,0,0,0,1,1,3,0,15,0
5,1,0,0,2,0,1,1,2,2,0,1,35,0
5,12,0,0,2,0,0,0,2,2,4,1,40,0
5,0,0,0,1,0,0,0,0,0,0,0,40,0
4,4,0,0,1,0,1,0,2,2,0,5,40,0
5,13,0,0,2,0,0,0,2,2,0,1,30,0
5,2,0,0,2,0,0,0,4,4,5,0,45,0
2,0,0,2,2,0,0,0,2,2,0,1,40,0
5,4,0,0,1,0,0,0,2,2,0,1,40,0
5,12,0,0,2,0,1,0,2,2,0,1,40,0
0,0,0,0,2,1,1,0,3,3,0,6,40,0
5,13,1,0,2,0,1,0,8,8,4,1,30,0
4,0,1,0,5,0,1,0,2,2,4,1,45,0
0,0,0,5,2,0,1,1,2,2,0,1,35,0
0,3,0,2,2,0,0,0,2,2,0,1,40,0
4,4,0,0,1,0,0,0,1,1,0,1,40,0
5,13,1,0,2,0,0,0,11,9,4,1,30,0
5,1,1,0,2,0,1,0,2,2,0,1,25,0
0,1,1,0,1,0,1,0,1,2,0,1,40,0
5,3,0,0,1,0,1,0,2,2,0,1,30,0
5,3,0,0,1,0,0,0,8,8,0,16,35,0
3,1,1,2,2,0,1,0,2,2,0,1,55,0
3,3,0,2,1,0,1,0,4,4,0,1,30,0
0,0,0,0,2,0,0,0,6,6,0,1,40,0
5,13,0,0,2,0,1,1,2,2,0,5,30,0
3,2,0,2,2,0,1,1,3,2,0,1,40,0
5,13,1,0,2,0,0,0,11,9,4,1,30,0
0,0,0,0,0,0,0,0,0,0,0,0,35,0
4,0,1,0,5,0,0,0,0,0,5,3,45,0
2,0,0,2,2,0,0,0,0,0,4,0,40,0
0,4,1,5,1,0,0,0,2,2,0,12,35,0
5,1,0,0,2,0,1,1,3,2,0,2,40,0
3,6,0,2,2,0,0,0,3,4,0,1,35,0
4,2,0,0,1,0,0,0,10,11,5,1,40,0
4,7,0,0,2,0,1,1,3,3,0,1,35,0
0,0,0,0,0,0,0,0,0,6,4,0,35,0
0,3,0,0,2,0,0,0,2,2,0,1,25,0
0,0,0,0,1,0,0,0,0,0,0,1,25,0
3,0,0,2,1,0,0,0,0,0,0,3,40,0
5,1,0,0,2,0,1,0,2,2,0,1,45,0
0,2,0,0,1,0,0,0,5,5,0,1,35,0
0,4,0,0,1,0,0,0,2,2,0,1,35,0
0,12,0,0,2,0,1,1,2,2,0,12,25,0
5,3,0,0,1,0,0,0,8,8,0,2,35,0
2,1,0,2,2,0,0,0,2,2,1,1,50,0
5,3,0,0,1,0,1,1,9,10,0,1,30,0
0,0,0,0,1,1,1,1,3,3,0,10,35,0
0,6,0,0,2,0,1,1,8,8,4,5,35,0
0,3,0,0,1,0,0,0,2,2,0,2,25,0
1,0,0,0,1,0,1,1,2,2,0,3,30,0
0,0,1,0,2,0,0,0,0,0,0,3,35,0
0,1,0,0,5,1,1,1,2,2,8,1,35,0
0,9,0,0,2,0,1,0,0,2,0,1,35,0
5,4,0,0,1,0,1,1,2,2,0,5,30,0
4,0,0,0,1,0,0,0,0,0,0,3,35,0
5,3,0,0,2,0,0,0,9,10,0,3,35,0
1,0,0,0,1,0,0,0,0,0,0,0,30,0