Crash Time of Day,Collision Type,Surface Condition,Light,Traffic Control,Driver Substance Abuse,Driver At Fault,Driver Distracted By,Vehicle First Impact Location,Vehicle Second Impact Location,Vehicle Body Type,Vehicle Movement,Speed Limit,Parked Vehicle
0,0,1,5,2,0,0,0,0,0,0,3,45,0
2,0,0,2,1,0,0,0,0,0,0,0,45,0
2,3,0,2,1,0,0,0,2,2,1,1,35,0
1,1,5,1,2,0,1,0,2,2,5,1,35,0
0,0,0,0,1,0,0,0,0,0,0,4,5,0
0,0,4,2,2,0,0,0,0,0,0,8,40,1
5,0,0,0,2,0,1,1,2,2,0,1,40,0
0,2,0,0,2,0,1,0,6,6,0,1,40,0
1,4,0,0,1,0,1,0,3,3,0,5,35,0
4,0,0,0,2,0,0,0,0,0,0,0,40,0
0,0,0,3,2,0,0,0,2,2,0,1,40,0
4,3,0,0,0,0,0,0,2,2,6,1,25,0
5,2,0,0,2,0,1,1,7,7,0,14,25,0
0,10,0,0,0,0,0,0,2,2,0,1,25,0
0,6,0,0,2,0,1,1,1,1,0,2,35,0
5,3,0,0,2,0,0,0,2,2,0,1,35,0
4,0,0,1,1,0,0,0,0,0,0,0,40,0
5,4,0,0,1,0,0,0,2,2,0,5,35,0
0,0,0,5,2,0,0,0,2,0,0,3,40,0
1,3,0,1,1,0,1,1,5,5,0,5,40,0
0,8,0,2,1,0,1,1,2,2,10,3,40,0
5,3,1,0,0,0,0,0,2,2,0,1,25,0
0,0,0,0,2,0,0,0,0,0,11,3,5,0
0,3,0,0,1,0,0,0,8,8,0,4,35,0
4,0,0,0,0,0,0,0,2,2,0,0,25,0
0,0,1,0,2,0,1,0,2,2,0,3,45,0
4,0,0,0,1,0,0,0,0,0,0,0,40,0
0,6,0,0,2,0,1,0,1,1,0,4,35,0
2,1,0,2,2,0,1,0,2,2,0,1,40,0
2,3,0,2,3,0,0,0,2,2,0,1,45,0
0,3,0,2,0,0,1,1,1,1,0,5,25,0
5,3,0,0,1,0,0,0,1,1,0,5,40,0
0,3,0,0,2,0,1,1,3,3,0,5,25,0
4,4,0,0,1,0,1,0,2,2,0,5,40,0
5,4,0,0,2,0,0,0,1,1,0,1,40,0
4,3,0,0,0,0,0,0,2,2,5,3,30,0
1,2,0,0,2,0,0,0,6,6,0,1,25,0
5,3,1,0,0,0,1,1,1,8,0,12,30,0
4,3,1,0,2,0,1,1,3,3,1,10,25,0
4,2,0,0,2,0,1,0,7,7,0,1,35,0
4,2,0,0,2,0,0,0,3,3,8,1,35,0
1,2,0,1,2,0,0,0,9,10,2,1,40,0
5,6,0,0,2,0,1,0,2,2,0,1,45,0
0,0,0,0,2,0,1,0,2,2,1,3,40,0
4,0,0,0,2,0,0,0,0,0,0,0,55,0
1,3,0,4,3,0,1,0,4,10,18,1,40,0
3,3,0,4,0,0,1,1,3,3,4,5,35,0
3,2,0,2,2,0,1,0,7,7,5,2,30,0
3,4,0,2,1,0,1,1,5,5,0,5,55,0
0,0,3,2,1,0,0,0,0,0,0,0,30,0
0,0,0,0,1,0,1,0,2,2,0,1,40,0
5,2,0,0,0,0,1,1,6,6,15,12,35,0
5,2,0,0,1,0,0,0,4,4,0,3,45,0
3,0,1,2,1,0,0,0,8,8,11,1,50,0
0,0,0,0,1,0,0,0,0,0,0,0,40,0
4,0,0,0,1,0,0,0,0,0,0,3,40,0
5,3,1,0,2,0,0,0,3,3,0,1,25,0
4,0,0,0,1,0,0,0,2,2,0,0,35,0
5,3,0,0,2,0,0,0,10,11,8,1,25,0
0,0,0,5,1,0,0,0,0,0,0,3,25,0
0,0,0,0,2,0,0,0,0,0,0,3,50,0
4,4,1,0,2,0,0,0,8,8,0,1,40,0
1,3,0,2,0,0,0,0,4,4,3,1,25,0
0,4,0,0,2,0,0,0,2,2,0,1,35,0
4,3,0,0,0,0,1,1,2,1,0,4,25,0
5,0,0,0,2,0,1,0,2,2,0,1,25,0
4,0,1,0,2,0,0,0,0,0,0,3,40,0
4,13,0,0,0,0,0,0,2,2,0,1,40,0
4,3,0,0,0,0,0,0,3,3,0,1,30,0
5,0,0,0,1,0,1,0,2,2,0,1,40,0
5,2,0,0,2,0,0,0,10,11,0,2,25,0
4,0,1,0,2,0,0,0,0,0,4,3,55,0
5,5,0,0,0,0,1,1,3,3,0,5,40,0
0,9,0,4,2,0,1,0,2,2,5,1,35,0
1,0,5,1,3,0,0,0,0,0,0,3,35,0
3,0,0,2,1,0,0,0,0,0,0,3,35,0
4,7,0,0,5,0,0,0,3,3,0,12,25,0
0,3,0,0,1,0,1,0,3,3,0,10,35,0
4,3,0,0,1,0,1,1,2,2,0,1,40,0
0,3,0,0,0,0,0,0,2,2,0,1,30,0
4,0,1,0,1,0,0,0,0,0,0,0,35,0
5,7,3,0,2,0,0,0,1,1,4,1,35,0
1,0,0,0,2,0,0,0,0,0,0,3,35,0
3,0,0,2,2,0,0,0,0,0,13,0,30,0
5,0,0,0,2,0,0,0,0,0,0,3,25,0
4,3,0,0,0,0,1,1,3,3,0,5,25,0
4,0,0,0,1,0,1,0,2,2,7,3,40,0
0,0,0,0,1,0,0,0,0,0,0,0,40,0
1,0,0,2,2,0,1,0,2,2,0,1,35,0
4,0,0,0,1,0,0,0,0,0,0,0,25,0
5,4,1,0,1,0,1,0,9,10,0,5,35,0
2,0,0,2,1,0,0,0,0,0,0,0,50,0
4,0,5,0,2,0,1,0,2,2,1,3,30,0
4,2,5,0,2,0,0,0,5,5,4,0,25,0
4,0,0,0,2,0,1,0,2,2,4,1,45,0
5,0,0,0,1,0,0,0,0,0,4,0,30,0
4,0,0,0,2,0,0,0,0,0,5,0,40,0
3,3,0,2,2,0,1,0,1,1,10,5,25,0
3,0,0,2,1,0,0,0,0,0,0,0,35,0
0,12,0,0,2,0,0,0,2,2,0,1,25,0
5,3,0,0,1,0,0,0,2,2,0,1,35,0
0,2,0,0,2,0,0,0,1,1,0,1,35,0
4,4,0,0,2,0,0,0,2,2,4,1,35,0
0,0,0,0,1,0,0,0,0,0,0,0,40,0
3,0,5,2,2,0,0,0,2,2,4,1,30,0
5,0,4,0,2,0,0,0,0,0,0,3,50,0
5,3,1,0,1,0,1,0,9,10,0,1,35,0
5,3,0,0,1,0,1,1,2,2,0,2,45,0
0,1,0,0,2,0,1,1,3,3,15,12,25,0
4,2,0,0,2,0,1,0,3,3,0,11,30,0
4,2,1,0,2,0,1,1,1,1,0,16,30,0
4,0,0,0,1,0,1,0,0,0,0,0,25,0
5,0,0,0,1,0,0,0,0,0,0,1,40,0
0,0,0,5,1,0,0,0,0,0,0,3,45,0
3,0,1,2,1,0,0,0,0,0,0,0,45,0
3,3,0,2,2,0,0,0,2,2,4,1,35,0
1,0,0,0,2,0,1,0,2,2,0,3,50,0
3,0,0,2,2,1,1,0,3,3,0,1,25,0
4,0,0,0,2,0,1,1,3,3,0,1,40,0
5,11,0,0,2,0,1,0,2,2,4,1,45,0
5,0,0,0,2,0,1,1,2,2,4,1,40,0
0,2,0,0,1,0,1,0,6,6,13,12,30,0
4,4,1,2,1,0,0,0,2,2,0,1,35,0
0,0,0,0,1,0,0,0,0,0,4,0,35,0
4,4,0,0,1,0,1,0,11,9,0,1,35,0
5,0,0,0,1,0,0,0,0,0,0,3,30,0
4,0,0,0,0,0,0,0,0,0,0,2,25,0
0,5,0,0,2,0,0,0,1,1,0,1,30,0
4,1,1,0,2,0,0,0,8,8,8,1,30,0
5,0,0,0,1,0,1,0,2,2,15,2,40,0
0,0,1,0,1,0,1,0,2,2,0,3,40,0
5,0,0,0,4,0,0,0,6,6,0,0,25,0
4,0,0,0,2,0,1,0,3,3,0,1,35,0
4,3,0,0,1,0,0,0,3,2,0,5,40,0
0,3,0,0,2,0,0,0,8,8,0,3,30,0
4,2,0,0,2,0,0,0,3,3,8,1,35,0
3,0,0,2,2,0,1,0,0,0,0,1,40,0
3,0,1,2,1,0,1,0,2,2,0,6,35,0
5,12,0,0,2,0,0,0,8,1,0,1,35,0
5,3,0,0,0,0,1,1,2,2,0,2,30,0
4,0,0,0,2,0,0,0,0,0,12,1,55,0
5,1,1,0,2,0,1,0,2,3,7,1,50,0
0,4,1,2,0,0,0,0,2,2,0,1,40,0
4,0,0,0,1,0,0,0,0,0,1,0,45,0
5,4,0,0,1,0,1,0,5,5,5,5,35,0
0,6,0,0,1,0,1,1,9,10,15,12,30,0
0,0,1,4,2,0,0,0,0,0,0,0,35,0
0,4,0,0,2,0,0,0,3,3,0,1,35,0
4,0,0,0,1,0,1,0,1,1,0,3,35,0
4,7,0,0,2,0,0,0,1,1,0,1,40,0
5,0,0,0,1,0,0,0,0,0,0,3,45,0
1,0,0,0,2,0,1,0,2,2,0,1,35,0
5,3,1,0,0,0,1,1,2,2,0,12,30,0
4,4,0,0,2,0,1,1,1,1,0,1,35,0
5,12,1,0,2,0,1,0,2,2,5,1,30,0
0,0,0,0,1,0,0,0,0,0,0,1,40,0
5,1,0,0,2,0,1,0,3,3,0,1,35,0
4,0,0,0,1,0,0,0,0,0,4,0,35,0
3,3,1,2,0,1,1,0,7,7,0,2,25,0
4,0,0,0,1,0,1,1,2,2,0,4,30,0
0,0,0,0,2,0,0,0,0,0,0,0,40,0
3,0,1,2,1,0,1,0,2,2,0,3,40,0
5,0,0,0,1,0,1,0,2,2,0,0,40,0
0,0,0,0,2,0,0,0,0,0,4,0,35,0
5,3,0,0,2,0,0,0,2,2,6,1,25,0
5,0,0,0,1,0,1,1,2,2,11,3,30,0
0,0,0,2,5,0,1,0,2,2,0,2,40,0
1,1,1,4,2,0,0,0,2,2,0,1,35,0
0,0,0,0,2,0,1,0,2,2,4,3,65,0
5,0,0,0,2,0,1,1,2,2,4,3,25,0
5,8,0,0,5,0,1,1,3,3,0,3,30,0
2,1,0,2,2,0,0,0,1,1,2,3,50,0
5,1,1,0,5,0,1,0,2,2,0,2,50,0
4,4,1,0,1,0,0,0,2,2,0,1,35,0
5,9,0,0,2,0,1,0,1,1,0,2,25,0
4,0,1,0,2,0,1,0,2,2,0,1,40,0
4,0,0,0,1,0,0,0,0,0,4,0,30,0
3,2,0,2,2,0,0,0,7,7,2,1,35,0
5,3,1,0,1,0,0,0,2,2,0,1,30,0
3,0,1,2,2,0,0,0,0,0,0,3,35,0
4,3,0,0,2,0,0,0,8,8,0,2,25,0
3,0,0,2,2,0,0,0,7,7,0,1,40,0
0,3,0,5,1,0,1,1,2,2,0,1,35,0
3,3,0,3,1,0,0,0,1,1,0,1,35,0
4,0,0,0,2,0,1,1,2,3,0,1,35,0
0,0,0,0,2,0,0,0,0,0,0,3,40,0
4,0,0,0,1,0,0,0,0,0,0,0,35,0
1,2,1,1,1,0,0,0,1,1,3,4,35,0
4,0,0,0,2,0,1,1,2,2,2,2,55,0
5,3,0,0,1,0,1,1,2,2,0,1,40,0
5,0,0,0,1,0,0,0,0,0,4,0,35,0
0,0,0,0,2,0,0,0,0,0,0,3,40,0
0,0,0,0,1,0,0,0,0,0,0,3,40,0
2,3,0,2,1,0,0,0,1,1,0,0,25,0
3,0,1,2,2,0,0,0,6,6,4,3,40,0
4,0,0,0,2,0,0,0,0,0,0,0,35,0
0,3,1,0,2,0,1,0,2,2,5,7,55,0
0,6,0,0,2,0,0,0,8,8,0,0,50,0
3,0,1,2,2,0,0,0,0,0,1,3,40,0
3,1,0,2,2,0,1,0,2,2,0,1,50,0
0,0,0,0,2,0,0,0,0,0,5,3,45,0
5,0,0,0,2,0,0,0,0,0,0,1,35,0
4,0,0,0,1,0,0,0,0,0,4,3,30,0
1,3,1,2,1,0,1,0,2,2,0,1,35,0
2,11,0,2,2,0,1,0,0,0,0,1,55,0
5,4,0,0,1,0,0,0,2,2,0,0,25,0
5,3,0,0,1,0,0,0,2,2,0,4,35,0
5,3,0,0,1,0,1,0,2,2,0,5,40,0
4,2,0,0,1,0,1,1,9,10,0,1,30,0
0,0,1,5,1,0,1,0,2,2,0,3,30,0
4,6,0,0,2,0,1,1,1,1,0,6,30,0
0,0,0,2,1,0,0,0,10,11,0,3,35,0
0,0,1,0,2,0,0,0,0,0,18,0,35,0
4,0,1,0,2,0,0,0,0,0,0,3,45,0
4,0,0,0,2,0,1,1,2,2,0,1,45,0
0,0,0,0,1,0,0,0,0,0,0,0,25,0
5,4,0,0,1,0,0,0,3,3,0,2,40,0
4,3,1,0,1,0,0,0,2,2,0,4,25,0
5,6,1,0,1,0,1,0,1,1,0,6,30,0
4,0,0,0,1,0,1,0,2,2,3,0,35,0
1,3,1,4,2,0,0,0,2,2,0,1,35,0
0,2,0,2,1,0,0,0,3,3,3,1,40,0
1,2,0,1,1,0,1,1,9,10,0,6,40,0
0,0,1,0,0,0,0,0,0,0,4,0,25,0
5,0,0,0,1,0,0,0,0,0,0,0,35,0
4,3,0,0,2,0,0,0,2,2,0,1,35,0
4,1,0,0,2,0,1,1,2,2,0,12,35,0
0,3,1,2,0,0,0,0,2,2,0,1,30,0
0,0,0,0,2,0,0,0,0,0,9,0,35,0
0,1,0,0,2,0,0,0,3,3,0,1,30,0
0,4,0,5,1,0,0,0,2,2,0,1,40,0
5,0,0,0,2,0,1,1,2,2,0,1,40,0
4,3,0,0,0,0,0,0,10,11,0,1,45,0
5,4,0,0,1,0,1,0,2,2,0,5,30,0
4,0,0,0,2,0,0,0,0,0,0,3,40,0
0,7,0,3,2,0,0,0,8,1,0,1,35,0
4,3,0,0,2,0,1,1,1,1,0,5,35,0
5,0,0,0,2,0,0,0,0,0,0,0,40,0
4,0,0,0,2,0,0,0,0,0,0,3,35,0
5,0,0,0,2,0,1,1,2,2,0,1,25,0
0,3,0,4,0,0,0,0,1,1,5,1,35,0
5,4,0,0,1,0,1,0,2,2,0,5,40,0
0,3,0,0,1,0,0,0,2,2,0,1,35,0
4,3,0,0,2,0,1,0,2,2,0,2,20,0
0,0,0,5,2,0,0,0,0,0,0,3,40,0
5,0,0,0,2,0,0,0,0,0,0,0,50,0
0,0,0,0,2,0,0,0,0,0,0,3,40,0
0,0,0,0,2,0,0,0,0,0,5,3,30,0
1,0,0,0,2,0,1,0,2,2,0,1,45,0
0,3,0,4,0,0,1,1,2,2,0,12,25,0
5,9,1,0,1,0,0,0,11,9,3,0,30,0
4,2,0,0,0,0,0,0,1,1,0,1,25,0
4,1,0,0,2,0,1,1,2,2,0,1,25,0
0,0,0,0,2,0,1,0,3,3,15,1,40,0
2,1,0,4,2,0,1,0,1,1,0,1,35,0
1,0,0,0,1,0,1,0,2,2,0,1,40,0
2,1,1,4,2,0,1,0,1,1,0,1,40,0
0,12,0,0,2,0,1,0,3,3,0,2,25,0
1,0,1,2,1,0,0,0,2,2,0,0,55,0
1,2,1,0,2,0,0,0,1,1,3,0,35,0
0,0,0,0,3,0,1,0,2,2,0,1,45,0
0,0,0,0,1,0,1,0,2,2,0,1,45,0
4,13,0,0,0,0,0,0,9,10,0,1,30,0
5,0,0,0,2,0,1,1,3,3,0,1,40,0
4,3,0,0,1,0,1,0,9,10,0,5,30,0
4,2,0,0,1,0,1,0,3,3,4,6,35,0
4,0,0,0,2,0,0,0,0,0,0,1,35,0
1,0,1,0,1,0,1,0,2,2,0,3,30,0
1,3,1,0,1,0,0,0,9,10,0,1,40,0
0,0,0,0,2,0,1,1,2,2,0,3,45,0
4,0,0,0,1,0,0,0,0,0,22,0,45,0
4,3,1,0,2,0,1,1,1,1,5,2,0,0
5,0,0,0,1,0,0,0,0,0,0,0,55,0
0,0,1,0,1,0,0,0,0,0,0,0,35,0
0,2,1,0,2,0,1,1,6,6,15,6,35,0
3,0,1,2,1,1,1,0,2,2,0,1,45,0
5,0,0,0,2,0,0,0,0,0,0,12,45,0
4,2,0,0,2,0,1,1,7,7,3,11,25,0
5,6,0,0,2,0,1,0,0,0,0,6,35,0
5,10,0,0,2,0,0,0,3,3,0,1,35,0
5,2,1,0,1,0,0,0,6,6,0,12,35,0
0,0,0,2,2,0,0,0,0,0,0,3,35,0
1,0,1,1,2,0,1,0,2,2,4,3,45,0
5,1,0,0,1,0,0,0,5,5,0,3,40,0
1,0,1,0,1,0,0,0,0,0,11,3,35,0
1,0,1,0,0,0,0,0,0,0,0,3,25,0
1,0,1,0,1,0,1,0,2,2,0,3,35,0
0,3,0,2,0,0,0,0,2,2,0,1,25,0
0,0,0,1,5,0,0,0,0,0,0,3,35,0
0,0,0,0,2,0,1,0,2,2,4,1,35,0
5,0,0,0,2,0,1,1,2,2,0,1,40,0
0,2,0,2,1,0,0,0,3,3,0,1,50,0
4,0,0,0,2,0,0,0,2,0,0,0,40,0
4,0,0,0,2,0,0,0,0,0,0,5,25,0
0,4,0,0,1,0,0,0,2,2,0,1,30,0
5,3,0,0,0,0,1,1,2,2,0,5,30,0
4,1,0,0,2,1,1,0,10,11,0,9,35,0
5,0,1,0,2,0,1,0,2,2,0,3,30,0
0,3,0,0,0,0,1,1,2,2,0,4,25,0
2,2,1,2,2,0,0,0,11,9,2,8,40,1
3,5,1,2,1,1,1,1,9,10,0,5,35,0
5,0,0,0,4,0,0,0,5,5,0,0,30,0
3,0,1,2,1,0,0,0,0,0,0,0,40,0
5,4,0,0,1,0,0,0,8,8,4,0,35,0
4,2,0,0,2,0,1,1,1,1,0,2,30,0
0,3,0,0,0,0,0,0,1,1,0,1,35,0
0,3,0,3,0,0,0,0,2,2,5,1,40,0
5,0,0,0,2,0,1,0,2,2,0,2,35,0
1,7,0,0,1,0,1,0,5,5,0,6,50,0
4,0,0,0,2,0,0,0,0,0,11,0,40,0
4,0,0,0,1,0,1,0,2,2,0,1,35,0
4,0,0,0,1,0,0,0,0,0,0,0,35,0
4,4,0,0,0,0,1,1,1,1,0,5,25,0
0,0,0,4,2,0,1,1,3,3,0,1,45,0
5,4,0,0,1,0,1,0,2,2,0,5,35,0
1,3,0,0,2,0,1,0,6,6,8,13,15,0
5,6,0,0,2,0,1,0,10,11,0,6,35,0
4,0,4,0,2,0,1,0,2,2,8,3,35,0
3,0,1,1,1,0,0,0,0,0,0,3,45,0
0,1,0,5,2,0,1,0,3,3,0,1,35,0
3,0,0,2,2,0,1,1,2,2,11,1,25,0
4,1,5,0,2,0,0,0,2,2,0,1,35,0
0,1,0,4,2,0,0,0,2,2,5,1,40,0
0,0,1,0,1,0,0,0,0,0,0,0,25,0
0,0,0,0,2,0,0,0,0,0,7,8,25,1
4,3,0,0,0,0,1,0,2,2,0,1,25,0
3,0,0,2,1,0,1,1,2,2,0,16,35,0
5,0,0,0,2,0,0,0,0,0,5,2,25,0
2,3,0,2,1,0,1,0,2,2,12,1,35,0
0,0,1,0,2,0,0,0,0,0,0,3,40,0
0,3,0,2,2,0,1,0,1,1,0,5,35,0
0,0,1,0,2,0,0,0,0,0,0,3,35,0
0,2,1,0,2,0,1,0,2,2,0,12,25,0
0,0,0,0,2,0,0,0,0,0,0,4,30,0
1,0,0,0,2,0,0,0,0,0,0,1,40,0
4,0,0,0,1,0,0,0,0,0,0,3,45,0
0,0,0,0,2,0,1,1,2,2,0,1,15,0
1,2,0,1,2,0,0,0,0,0,0,3,35,0
3,4,0,2,1,0,0,0,2,2,0,1,35,0
0,0,1,0,1,0,1,0,2,2,0,3,35,0
1,0,0,1,1,0,1,0,2,2,0,1,40,0
0,0,0,0,1,0,0,0,0,0,8,0,40,0
4,2,0,0,2,0,0,0,10,11,0,1,40,0
4,3,1,0,1,0,1,0,9,10,2,1,35,0
5,0,0,0,1,0,0,0,0,0,4,0,45,0
4,0,0,0,1,0,0,0,0,0,0,0,35,0
0,4,0,0,2,0,1,0,5,5,4,5,35,0
0,2,0,0,2,1,1,1,8,8,0,6,55,0
0,0,1,0,1,0,0,0,0,0,0,4,40,0
0,0,0,5,1,0,0,0,0,0,0,0,35,0
5,0,0,0,2,0,1,0,2,2,0,2,40,0
5,0,0,0,1,0,1,0,2,2,4,1,35,0
0,0,0,0,2,0,0,0,0,0,0,0,40,0
1,0,1,0,2,0,0,0,0,0,4,3,35,0
0,2,0,0,1,0,1,1,2,2,0,1,35,0
0,0,1,0,0,0,0,0,0,0,1,3,30,0
0,0,0,0,2,0,0,0,0,0,0,0,25,0
0,6,0,2,2,0,0,0,11,9,0,5,35,0
2,1,0,4,2,0,1,1,2,2,0,1,40,0
0,1,0,0,2,0,1,0,4,4,3,1,35,0
0,0,0,0,2,0,0,0,0,0,8,0,25,0
4,3,0,0,1,0,1,0,2,2,0,3,35,0
2,6,0,2,1,1,1,0,6,6,0,5,45,0
0,0,0,0,4,0,0,0,0,0,18,3,50,0
4,2,0,0,2,0,0,0,1,1,0,1,55,0
5,0,0,0,2,0,0,0,0,0,0,12,40,0
0,3,0,0,1,0,0,0,6,6,0,4,40,0
0,10,0,5,0,0,1,1,0,0,8,12,45,0
3,0,0,4,1,0,0,0,0,0,0,0,40,0
3,7,0,2,1,0,0,0,1,1,12,16,35,0
5,0,1,0,1,0,1,0,2,2,13,1,35,0
1,5,0,0,1,0,0,0,3,3,0,2,40,0
5,12,0,0,2,0,0,0,8,8,5,1,30,0
0,4,0,2,1,0,1,0,2,2,0,5,25,0
0,4,0,2,1,0,1,1,3,3,4,5,35,0
0,0,0,0,1,0,0,0,0,0,0,0,35,0
0,0,1,4,2,0,0,0,0,0,0,0,35,0
0,5,0,0,0,0,0,0,2,2,0,0,35,0
4,0,0,0,1,0,0,0,0,0,0,0,35,0
4,0,1,0,1,0,0,0,0,0,0,0,35,0
0,1,0,0,2,0,1,0,2,2,0,1,55,0
4,0,1,0,2,0,1,0,9,1,12,3,40,0
5,4,0,0,1,0,0,0,1,1,0,5,40,0
3,3,0,5,1,0,1,0,4,4,0,1,40,0
0,0,0,0,1,0,1,1,2,2,0,1,40,0
0,2,0,0,1,0,1,1,2,2,0,3,35,0
0,0,0,0,2,0,0,0,0,0,0,3,40,0
4,1,1,0,2,0,1,0,3,14,0,1,35,0
0,12,1,0,2,0,0,0,8,8,0,1,30,0
0,0,1,0,0,0,1,1,2,2,8,4,30,0
5,0,0,0,1,0,1,1,2,2,4,1,55,0
0,0,0,0,1,0,0,0,0,0,0,0,30,0
5,3,1,0,2,0,0,0,3,3,0,1,30,0
4,3,0,0,2,0,0,0,5,5,0,1,35,0
0,0,0,0,2,0,0,0,0,0,0,0,35,0
5,6,0,0,1,0,1,0,1,1,0,6,40,0
0,0,0,0,2,0,0,0,7,7,0,3,55,0
1,0,1,2,1,0,0,0,0,0,0,0,0,0
0,3,0,0,0,0,0,0,8,8,0,1,35,0
5,0,4,0,1,0,1,0,2,2,4,1,40,0
0,3,0,0,0,0,1,1,6,6,0,5,40,0
2,3,0,2,3,0,0,0,2,2,0,1,45,0
5,3,1,0,0,0,0,0,2,2,0,1,30,0
1,0,1,0,0,0,1,1,0,0,0,15,55,0
1,0,1,0,1,0,0,0,0,0,0,0,35,0
4,15,0,0,1,0,0,0,6,6,15,5,40,0
0,3,0,0,0,0,1,1,2,2,4,5,35,0
5,3,0,0,1,0,1,0,4,4,4,1,35,0
0,4,0,0,2,0,1,0,2,2,0,5,40,0
5,0,0,0,1,0,0,0,0,0,4,3,30,0
1,0,0,0,2,0,0,0,0,0,0,0,45,0
3,0,0,2,1,0,0,0,0,0,2,0,35,0
4,3,0,0,1,0,1,1,2,2,0,1,35,0
4,3,0,0,1,0,0,0,3,3,0,1,40,0
4,0,0,0,1,0,1,1,2,2,4,1,40,0
0,2,0,2,2,0,1,0,4,4,5,1,30,0
3,3,0,2,1,0,1,1,2,2,4,5,35,0
4,9,0,0,2,0,1,0,1,1,0,1,50,0
3,0,0,2,1,0,0,0,2,0,2,1,40,0
0,3,0,5,0,0,0,0,2,2,0,1,35,0
5,0,0,0,2,0,1,1,2,2,0,3,45,0
5,4,0,0,1,0,0,0,2,2,4,1,40,0
0,0,0,0,2,0,0,0,0,0,0,3,35,0
4,0,0,0,2,0,0,0,0,0,0,3,45,0
5,3,0,0,1,0,0,0,2,2,0,5,40,0
5,3,1,0,1,0,1,0,2,2,0,1,45,0
5,10,0,0,1,0,0,1,0,0,11,1,45,0
4,0,0,0,2,0,1,0,2,2,0,1,35,0
4,0,0,0,2,0,0,0,0,0,0,3,30,0
4,2,0,0,1,0,1,1,3,3,0,6,40,0
0,0,1,0,2,0,1,0,2,2,0,3,50,0
1,4,1,1,3,0,1,0,2,2,0,5,40,0
3,4,1,2,2,1,1,1,2,2,0,1,30,0
0,3,1,0,0,0,1,1,2,2,8,2,50,0
0,0,0,0,2,0,0,0,0,0,0,0,35,0
4,0,1,0,2,0,0,0,0,0,0,0,30,0
5,12,0,0,2,0,1,1,1,1,0,1,35,0
5,0,1,0,2,0,1,1,2,2,0,3,40,0
5,4,0,0,1,0,1,0,2,2,0,1,25,0
3,3,0,2,2,0,0,0,2,2,0,2,35,0
4,0,1,0,2,0,0,0,0,0,3,0,40,0
0,0,0,0,1,0,0,0,0,0,8,3,45,0
4,0,0,0,2,0,0,0,0,0,0,0,45,0
0,0,0,2,2,0,0,0,0,0,0,3,45,0
5,4,0,0,1,0,1,0,7,7,0,5,35,0
1,12,0,4,2,0,0,0,3,3,4,1,35,0
2,12,0,2,1,1,1,1,2,2,5,1,40,0
0,0,0,2,2,0,0,0,0,0,0,1,40,0
0,0,0,0,2,0,0,0,0,0,0,3,35,0
0,0,0,0,2,0,1,0,2,2,0,3,45,0
5,0,0,0,2,0,0,0,0,0,0,5,30,0
1,3,0,3,0,0,0,0,2,2,5,5,25,0
0,4,0,2,1,0,0,0,2,2,0,1,35,0
5,3,0,0,1,0,1,1,2,2,14,1,35,0
0,0,0,0,2,0,0,0,0,0,0,3,25,0
5,0,0,0,2,0,1,1,2,2,0,1,35,0
0,0,0,0,2,0,0,0,0,0,0,3,35,0
4,11,1,0,1,0,0,0,0,0,0,5,35,0
4,1,5,1,2,0,1,0,3,3,0,1,40,0
5,0,0,0,1,0,1,1,2,2,0,3,40,0
5,0,0,0,2,0,1,1,2,2,0,1,40,0
0,3,0,0,1,0,0,0,2,2,18,1,45,0
5,3,0,0,0,0,0,0,2,2,13,1,25,0
4,4,0,0,1,0,1,1,2,2,0,5,35,0
1,4,0,0,1,0,0,0,2,2,0,1,40,0
0,0,0,0,1,0,1,0,2,2,0,2,30,0
0,0,0,0,2,0,0,0,0,0,0,0,35,0
0,3,4,2,2,0,0,0,8,8,0,1,25,0
5,5,0,0,2,0,1,1,1,1,0,5,25,0
5,0,0,0,2,0,1,0,2,2,8,1,40,0
0,0,0,0,2,0,0,0,0,0,0,3,35,0
0,7,1,5,2,0,1,0,5,5,0,6,35,0
3,11,0,2,2,0,0,0,8,8,0,10,40,0
5,0,1,0,1,0,1,1,2,2,0,0,30,0
5,0,0,0,2,0,1,0,2,2,0,3,35,0
0,1,0,0,2,0,0,0,6,6,16,13,5,0
0,5,1,0,2,0,1,1,2,2,4,5,30,0
4,1,0,0,2,0,1,0,11,9,0,1,35,0
4,0,0,0,2,0,1,1,2,2,0,1,45,0
1,0,0,0,1,0,0,0,0,0,0,0,35,0
0,6,0,0,2,0,1,1,1,1,0,10,25,0
2,3,0,2,1,0,0,0,1,1,0,3,30,0
0,0,1,0,1,0,0,0,7,7,0,3,40,0
0,1,1,2,1,0,1,1,2,2,0,5,35,0
0,0,0,0,1,0,0,0,0,0,0,3,50,0
1,2,1,0,2,0,1,0,3,3,18,1,40,0
4,0,0,0,1,0,1,1,2,2,0,3,35,0
0,7,4,0,1,0,0,0,8,8,1,1,40,0
0,0,0,5,2,0,0,0,0,0,0,0,25,0
1,1,0,2,2,0,1,0,3,3,11,1,40,0
4,10,1,0,1,0,0,0,7,0,3,1,35,0
5,3,0,0,0,0,0,1,3,3,0,1,45,0
0,0,0,2,1,0,0,0,0,0,2,0,45,0
0,4,1,2,2,0,0,0,2,2,0,1,35,0