Crash Time of Day,Collision Type,Surface Condition,Light,Traffic Control,Driver Substance Abuse,Driver At Fault,Driver Distracted By,Vehicle First Impact Location,Vehicle Second Impact Location,Vehicle Body Type,Vehicle Movement,Speed Limit,Parked Vehicle
0,4,0,0,1,0,1,1,7,7,0,5,40,0
4,1,0,0,2,0,1,0,2,2,0,1,35,0
4,0,0,0,2,0,0,0,6,6,0,0,40,0
5,3,0,0,0,0,1,0,2,2,4,4,35,0
0,0,1,2,2,0,0,0,0,0,0,3,40,0
0,3,1,0,3,0,0,0,9,10,0,1,40,0
1,0,1,2,1,0,0,0,0,0,0,0,30,0
5,3,0,0,1,0,0,0,8,8,5,1,40,0
0,0,0,0,2,0,1,1,2,2,0,3,35,0
4,3,0,0,1,0,0,0,8,8,18,0,25,0
4,3,0,0,2,0,1,0,2,2,4,5,45,0
0,0,0,0,2,0,0,0,0,0,0,0,35,0
4,3,0,0,1,0,0,0,10,11,0,1,40,0
0,4,0,2,1,0,0,0,2,2,0,1,40,0
0,0,0,0,2,0,0,0,0,0,0,3,55,0
1,0,0,2,1,0,1,0,2,2,4,1,45,0
5,0,1,0,1,0,1,1,2,2,4,3,40,0
1,3,1,2,3,0,0,0,2,2,0,0,35,0
0,2,0,0,2,0,1,0,1,1,0,6,40,0
4,2,0,0,2,0,1,0,10,11,0,8,25,1
5,4,0,0,1,0,0,0,2,2,0,1,35,0
5,0,0,0,3,0,0,0,0,2,4,3,35,0
0,0,0,0,2,0,1,1,2,2,0,1,50,0
1,1,0,1,2,0,0,0,2,2,0,1,50,0
0,0,0,0,2,1,1,1,2,2,0,1,25,0
0,0,0,0,1,0,0,0,0,0,0,0,45,0
0,1,0,0,1,0,1,1,2,2,0,2,25,0
0,3,0,0,0,0,1,1,2,2,5,5,30,0
0,0,1,2,1,0,0,0,0,0,0,3,30,0
4,10,1,0,1,0,1,1,6,6,0,2,45,0
1,0,0,1,0,0,1,1,0,0,0,5,35,0
5,1,0,0,2,0,1,1,2,2,0,1,35,0
0,5,0,0,1,0,0,0,1,1,5,0,45,0
0,1,1,0,2,0,1,1,3,3,8,18,30,0
0,0,1,4,1,0,0,0,0,0,0,3,35,0
3,1,1,4,2,0,1,0,6,6,0,3,50,0
0,0,1,4,2,0,1,0,2,2,0,3,40,0
0,0,0,5,2,0,1,0,2,2,0,6,35,0
4,1,0,0,2,0,1,0,2,2,11,3,15,0
0,0,0,2,1,0,1,0,2,2,0,1,35,0
0,1,0,2,2,0,1,0,1,2,0,1,35,0
0,0,1,2,2,0,1,0,2,2,0,3,35,0
1,9,1,0,2,0,0,0,8,8,0,1,30,0
5,7,0,0,2,0,0,0,1,1,3,1,35,0
5,3,0,0,0,0,0,0,2,2,0,1,35,0
0,4,0,0,1,0,0,0,1,1,0,1,35,0
3,0,0,2,2,0,0,0,6,6,0,1,40,0
0,9,1,2,0,0,0,0,8,8,0,0,25,0
4,3,0,0,1,0,0,0,2,2,0,1,35,0
1,2,0,0,2,0,0,0,8,8,3,0,40,0
4,1,0,0,2,0,1,1,0,0,7,13,20,0
5,0,0,0,1,0,1,0,2,2,4,3,35,0
5,1,0,0,3,0,1,1,1,1,0,5,35,0
0,3,0,0,0,0,0,0,2,2,0,1,35,0
5,0,0,0,2,0,0,0,0,0,0,0,35,0
0,4,0,0,1,0,0,0,8,8,0,1,40,0
0,0,0,0,1,0,0,0,0,0,10,3,40,0
1,0,1,2,2,0,0,0,0,0,4,8,55,1
4,0,0,0,1,0,0,0,0,0,0,0,40,0
4,0,0,0,2,0,1,1,2,2,0,1,45,0
5,0,0,0,2,0,0,0,0,0,0,0,30,0
4,4,0,0,1,0,1,1,2,2,0,1,40,0
0,0,0,2,2,0,0,0,11,9,0,0,30,0
4,0,0,0,1,0,1,1,2,2,0,1,45,0
3,0,0,4,2,0,1,1,0,0,0,7,50,0
0,4,0,0,1,0,1,0,2,2,0,5,15,0
4,6,0,0,0,0,0,0,4,4,0,1,30,0
0,1,0,0,2,0,1,1,0,0,5,13,25,0
5,0,1,0,1,0,0,0,0,0,0,0,25,0
4,3,0,0,1,0,1,0,2,2,4,5,35,0
5,9,0,0,2,0,0,0,6,6,0,1,35,0
5,0,0,0,2,0,0,0,0,0,0,3,40,0
1,1,0,0,2,0,1,1,0,0,0,1,35,0
4,3,0,0,1,0,0,0,1,1,0,5,25,0
0,0,0,3,1,0,1,1,2,2,4,1,25,0
0,0,0,0,2,0,0,0,0,0,0,1,35,0
0,0,0,0,2,0,0,0,0,0,15,3,40,0
4,6,0,0,2,0,0,0,3,3,0,1,40,0
4,0,0,0,2,0,1,0,2,2,12,3,55,0
0,1,1,0,2,0,1,0,2,2,0,9,30,0
5,2,0,0,2,0,1,1,1,1,0,16,25,0
0,4,0,0,2,0,1,0,2,2,0,5,35,0
4,3,0,0,2,0,1,0,4,4,8,12,40,0
0,0,1,1,2,0,1,0,2,2,0,1,35,0
1,4,0,4,0,0,0,0,4,4,8,2,40,0
4,6,0,0,2,0,0,0,3,3,7,2,30,0
0,4,0,0,2,0,0,0,2,2,4,1,40,0
1,12,0,2,1,0,0,0,1,1,8,2,40,0
5,3,0,0,2,0,0,0,8,8,5,1,40,0
3,0,0,2,1,0,1,1,2,2,0,16,35,0
3,4,1,2,1,0,0,0,2,2,0,1,30,0
5,1,1,0,2,0,1,0,0,0,0,7,35,0
1,0,0,0,2,0,1,0,0,0,0,6,40,0
5,0,0,0,1,0,0,0,0,0,8,0,40,0
0,3,0,0,0,0,1,0,8,8,0,5,35,0
3,0,1,2,1,0,0,0,0,0,4,0,40,0
1,2,1,0,1,0,0,0,8,8,7,0,40,0
5,0,1,0,1,0,0,0,2,2,0,3,40,0
2,9,0,4,2,0,0,0,8,8,0,1,35,0
4,7,0,0,2,0,1,1,5,5,0,12,35,0
4,3,0,0,2,0,1,1,9,10,0,2,30,0
1,12,1,4,2,0,1,0,2,2,0,1,25,0
0,0,0,2,1,0,1,1,2,2,0,1,40,0
2,1,0,4,2,0,1,0,2,2,0,1,30,0
5,2,0,0,1,0,1,0,2,2,0,3,45,0
3,2,6,2,2,0,0,0,4,4,0,1,55,0
4,2,0,0,2,0,1,0,4,14,0,6,45,0
0,0,0,0,2,0,0,0,0,0,0,3,40,0
4,12,5,0,2,0,0,0,1,1,7,0,25,0
4,0,0,0,1,0,1,1,2,2,0,1,40,0
4,1,1,0,2,0,1,0,2,2,0,5,40,0
0,2,0,0,2,0,1,0,7,7,14,6,50,0
5,4,0,0,2,0,1,0,2,2,4,5,40,0
5,0,0,0,2,0,0,0,0,0,8,0,30,0
3,11,0,2,2,0,0,0,0,0,0,5,35,0
5,2,0,0,1,0,0,0,7,7,10,1,35,0
5,4,0,0,2,0,0,0,6,6,5,12,35,0
0,0,1,2,2,0,1,0,2,2,0,3,40,0
4,2,1,0,2,0,0,0,3,2,0,1,55,0
3,3,0,2,1,0,1,0,2,2,0,1,35,0
5,0,0,0,1,0,0,0,0,0,0,0,40,0
0,0,0,0,2,0,1,0,2,2,0,1,45,0
0,1,0,5,2,0,1,0,2,2,0,1,40,0
0,4,0,0,1,0,0,0,2,2,0,5,40,0
0,9,0,0,1,0,0,0,8,8,2,1,35,0
0,0,0,0,1,0,0,0,0,0,0,0,35,0
0,3,1,5,0,0,0,0,3,3,8,1,25,0
5,3,0,0,2,0,0,0,2,2,0,1,30,0
4,0,0,0,1,0,1,0,2,2,15,4,30,0
0,1,0,0,2,0,1,1,2,2,15,1,30,0
4,2,0,0,2,0,1,0,6,6,8,6,35,0
0,5,0,0,2,0,0,0,5,5,0,1,35,0
0,6,0,0,2,0,1,0,8,8,0,6,35,0
5,0,0,0,2,0,1,0,2,2,0,1,35,0
0,4,0,0,2,0,0,0,2,2,0,1,45,0
5,0,0,0,2,0,1,1,2,2,0,3,30,0
4,5,0,0,1,0,1,1,2,2,0,2,40,0
0,0,0,2,2,0,0,0,0,0,0,1,30,0
3,1,1,4,2,0,1,0,2,2,1,1,30,0
0,0,1,0,2,0,0,0,0,0,0,3,55,0
5,3,1,0,0,0,0,1,2,2,0,1,35,0
0,0,1,4,1,0,1,0,2,2,0,3,35,0
5,1,0,0,2,0,1,1,5,5,15,11,20,0
0,0,0,0,1,0,0,0,0,0,0,0,35,0
4,6,0,0,2,0,1,1,3,3,0,1,35,0
0,2,0,0,1,0,0,0,6,6,0,3,35,0
5,5,0,0,2,0,1,0,5,5,0,5,35,0
5,3,0,0,1,0,0,0,2,2,0,4,35,0
5,1,0,0,2,0,1,0,3,6,9,1,30,0
0,10,1,2,5,0,0,0,4,4,0,1,30,0
0,0,0,0,2,0,1,1,2,2,13,1,55,0
4,2,0,0,1,0,1,1,1,1,0,3,40,0
5,3,0,0,0,0,0,0,2,2,8,1,45,0
5,7,0,0,1,0,0,0,1,1,0,4,40,0
4,4,0,0,1,0,1,1,3,3,0,5,45,0
0,2,0,5,2,0,1,0,9,10,15,1,35,0
5,3,0,0,0,0,0,0,2,2,4,1,35,0
3,3,1,2,0,0,1,0,8,8,0,5,30,0
4,0,1,0,2,0,0,0,0,0,0,0,30,0
3,0,1,2,1,0,1,0,2,2,0,1,45,0
5,3,1,0,0,0,0,0,3,4,0,1,40,0
4,0,0,0,2,0,1,1,2,2,0,1,50,0
5,0,0,0,1,0,0,0,0,0,0,0,50,0
3,3,0,2,1,0,0,0,2,3,0,1,45,0
1,4,0,2,1,0,1,0,5,5,0,5,30,0
1,0,0,0,3,0,1,0,2,2,0,1,40,0
4,3,0,0,1,0,1,0,3,3,0,5,40,0
0,0,1,2,2,0,1,0,2,2,0,3,35,0
3,0,0,2,1,1,1,1,2,2,0,1,35,0
3,4,0,5,2,0,1,0,2,2,0,1,30,0
5,2,1,0,1,0,0,0,10,11,0,1,45,0
4,4,1,0,2,0,0,0,2,2,0,1,40,0
0,0,1,0,2,0,0,0,0,0,8,3,40,0
5,3,0,0,0,0,0,0,2,2,4,1,35,0
5,0,0,0,2,0,1,0,2,0,0,1,40,0
3,3,0,2,0,0,0,0,2,2,0,1,35,0
3,12,5,2,2,0,0,0,2,2,0,1,45,0
5,0,0,0,2,0,0,0,0,0,0,3,45,0
0,4,0,0,2,0,1,0,2,2,0,5,35,0
5,2,0,0,1,0,0,0,5,5,0,1,30,0
4,3,0,0,1,0,0,0,2,2,4,2,25,0
5,0,0,0,1,0,1,0,2,2,4,1,50,0
4,4,0,0,1,0,1,0,2,2,0,5,45,0
0,3,0,0,2,0,1,1,2,2,0,5,30,0
5,12,1,0,2,0,1,0,2,2,0,1,40,0
0,0,0,0,1,0,0,0,0,0,0,3,35,0
4,4,0,0,2,0,0,0,2,2,5,1,40,0
4,0,0,0,2,0,1,0,2,2,4,1,35,0
0,0,0,0,1,0,1,1,2,2,0,3,35,0
0,3,0,2,1,0,1,1,2,2,0,3,40,0
0,0,0,0,1,1,1,1,2,2,0,1,40,0
3,0,0,2,1,0,0,0,0,0,2,0,40,0
0,0,0,0,2,0,1,0,2,2,5,1,30,0
5,0,0,0,2,0,0,0,0,0,0,0,40,0
0,0,0,0,5,0,1,0,2,2,4,12,35,0
0,0,1,2,2,0,1,0,2,2,0,3,40,0
0,3,0,0,2,0,0,0,3,13,0,1,40,0
4,2,0,0,1,0,0,0,2,2,11,1,35,0
5,0,0,0,1,0,1,0,2,2,0,1,35,0
0,2,0,0,2,0,0,0,1,1,4,9,35,0
0,0,1,0,2,0,0,0,0,0,4,3,40,0
3,2,0,2,1,0,0,0,8,8,0,12,45,0
0,0,0,0,1,1,1,0,2,2,20,3,25,0
3,0,0,2,1,0,0,0,0,0,0,0,35,0
4,0,1,0,1,0,0,0,0,0,3,0,35,0
4,2,0,0,2,0,1,0,1,1,22,15,30,0
1,3,1,0,0,0,0,0,2,2,11,1,25,0
0,1,1,2,2,0,0,1,2,2,4,3,40,0
0,0,0,0,4,0,0,0,0,0,0,0,45,0
0,0,1,2,2,0,0,0,0,0,0,3,35,0
1,3,0,1,2,0,0,0,2,2,0,1,35,0
5,3,0,0,1,0,1,0,7,7,2,1,40,0
5,4,0,0,0,0,0,0,2,2,0,1,25,0
4,0,0,0,1,0,1,0,2,2,0,1,30,0
5,7,0,0,1,0,0,0,3,3,0,12,30,0
1,0,0,0,1,0,1,0,2,2,0,4,35,0
3,0,0,3,2,0,0,0,2,2,0,1,40,0
5,0,0,0,1,0,0,1,0,0,0,3,40,0
4,3,0,0,0,0,1,1,10,11,0,12,40,0
5,3,1,0,0,0,0,0,2,2,0,1,25,0
0,11,0,0,1,0,1,0,2,2,0,1,40,0
5,3,0,0,2,0,0,0,3,3,0,1,30,0
3,4,1,2,1,0,0,0,2,2,8,1,35,0
2,6,0,2,1,0,0,0,3,3,0,1,30,0
3,1,0,5,2,0,1,0,8,8,6,1,50,0
0,0,0,0,2,0,1,0,2,2,0,1,25,0
0,3,1,2,2,0,0,0,2,2,0,1,45,0
5,3,0,0,2,0,0,0,1,1,0,1,45,0
3,0,0,2,1,0,0,0,0,0,8,3,40,0
5,3,0,0,2,0,0,0,10,11,0,0,35,0
1,1,1,2,2,0,1,0,10,11,2,12,40,0
0,0,1,0,1,0,1,0,2,2,18,3,35,0
2,1,2,2,6,0,1,0,2,2,6,9,35,0
4,4,1,0,1,0,0,0,2,2,4,1,35,0
0,0,0,2,2,0,0,0,7,0,0,1,40,0
0,2,0,2,2,0,0,0,3,3,0,1,40,0
5,2,0,0,2,0,0,0,4,3,0,1,45,0
3,12,1,2,1,0,1,0,2,2,0,1,40,0
4,4,1,0,1,0,0,0,2,2,0,1,40,0
4,4,0,0,2,0,0,0,1,1,0,5,35,0
0,3,1,0,2,0,1,0,2,2,0,4,25,0
5,0,0,0,1,0,0,0,0,0,15,2,40,0
3,0,0,0,2,0,1,0,2,2,0,3,45,0
5,0,0,0,1,0,0,0,0,0,0,0,40,0
5,3,1,0,2,0,1,0,7,7,3,12,40,0
1,0,0,3,1,0,1,0,2,2,5,2,30,0
4,0,0,0,2,0,0,0,0,0,4,3,25,0
5,3,0,0,1,0,1,1,2,2,0,1,45,0
0,3,0,2,0,0,0,0,3,3,0,1,30,0
4,2,5,0,1,0,0,0,10,11,13,0,35,0
5,2,0,0,1,0,0,0,6,6,15,0,40,0
4,4,0,0,1,0,0,0,2,2,0,1,25,0
0,0,0,0,1,0,0,0,0,2,0,3,45,0
3,1,0,2,2,0,0,0,2,2,1,1,40,0
1,3,1,2,1,0,1,1,7,7,0,1,35,0
4,6,0,0,1,0,0,0,3,3,11,1,35,0
4,2,0,0,2,0,0,0,4,4,0,1,35,0
0,2,0,2,2,0,0,0,7,7,0,1,35,0
5,3,0,0,0,0,1,1,2,2,0,2,25,0
4,6,1,0,1,0,0,0,2,2,0,1,30,0
0,0,0,0,2,0,0,0,0,0,4,3,25,0
1,0,0,2,2,0,0,0,0,0,0,1,35,0
5,4,0,0,2,0,0,0,2,2,8,1,40,0
0,0,1,0,1,0,1,0,2,2,0,3,45,0
0,0,0,0,1,0,0,0,0,0,0,3,35,0
0,7,0,2,2,0,0,0,1,1,3,2,35,0
4,0,0,0,2,0,1,1,2,2,0,1,35,0
1,0,0,0,1,0,1,0,0,2,14,1,40,0
5,4,0,0,3,0,1,1,3,3,0,5,50,0
5,0,0,0,1,0,0,0,0,0,0,3,35,0
0,0,0,0,2,0,1,1,4,4,6,6,40,0
0,2,0,0,2,0,1,0,3,3,0,1,30,0
3,3,0,2,0,0,0,0,2,2,0,1,35,0
4,0,0,0,1,0,0,0,0,0,0,0,40,0
0,3,0,2,0,0,0,0,3,3,0,1,35,0
0,0,1,0,1,0,1,1,2,2,0,4,40,0
5,0,0,0,1,0,1,0,2,2,0,1,35,0
0,2,0,0,2,0,1,1,3,3,3,12,25,0
5,0,1,0,2,0,0,0,0,0,15,3,30,0
0,0,0,0,2,0,1,1,2,2,0,1,40,0
5,0,0,0,2,0,0,0,0,0,0,0,35,0
0,0,1,0,2,0,1,0,2,2,5,7,40,0
0,3,0,2,2,0,1,1,2,2,0,5,35,0
0,2,0,2,2,0,0,0,6,6,8,1,40,0
5,4,0,0,0,0,0,0,5,5,0,2,45,0
0,2,0,0,1,0,0,0,8,8,0,0,30,0
4,0,0,3,2,0,0,0,0,0,0,3,35,0
5,2,0,0,2,0,0,0,4,4,3,1,35,0
5,0,0,0,2,0,0,0,0,2,0,3,25,0
4,1,0,0,2,0,1,0,2,2,0,1,25,0
5,0,0,0,1,0,1,0,2,2,18,4,40,0
4,2,0,0,2,0,1,1,3,3,0,1,35,0
5,0,0,0,2,0,1,1,3,3,15,2,25,0
4,0,0,0,2,0,0,0,0,0,0,0,45,0
5,0,0,0,2,0,0,0,0,0,0,3,50,0
5,0,0,0,2,0,1,1,2,2,0,1,30,0
4,0,0,0,1,0,1,1,2,2,0,16,40,0
3,0,4,2,2,0,0,0,0,0,0,3,40,0
1,0,0,0,1,0,0,0,0,0,0,0,40,0
5,0,0,0,2,0,1,1,2,2,0,1,45,0
5,3,0,0,1,0,0,0,2,2,0,1,40,0
5,0,0,2,1,0,1,1,2,2,0,3,30,0
0,0,0,0,1,0,0,0,0,0,0,3,35,0
0,2,0,2,2,0,0,0,0,0,0,0,30,0
0,2,0,0,2,0,0,0,3,3,0,1,35,0
3,0,0,2,1,0,0,0,0,0,0,0,45,0
0,0,0,2,2,0,0,0,0,0,0,0,40,0
0,4,0,0,2,0,0,0,8,8,0,1,30,0
0,1,1,0,1,0,1,0,2,2,4,2,40,0
5,8,0,0,2,0,0,0,0,0,0,12,35,0
0,2,0,0,2,0,0,0,3,3,0,1,35,0
0,0,0,0,5,0,0,0,0,0,8,0,35,0
4,3,0,0,0,0,0,0,2,2,0,1,35,0
0,4,0,2,1,0,1,1,3,3,0,3,35,0
1,0,0,0,2,0,0,0,0,0,18,1,35,0
1,3,0,0,0,0,0,0,8,8,10,1,25,0
5,7,0,0,2,0,1,0,5,5,13,12,40,0
5,0,0,0,1,0,0,0,0,0,4,3,50,0
5,12,0,0,2,0,0,0,2,2,0,1,25,0
0,12,0,5,2,0,0,0,2,2,0,1,40,0
5,0,0,0,2,0,0,0,0,0,0,3,35,0
0,0,0,4,2,0,0,0,0,0,0,0,40,0
4,0,0,0,2,0,0,0,0,0,0,3,55,0
5,0,0,0,1,0,0,0,0,0,8,0,45,0
5,3,1,0,2,0,1,1,3,3,0,5,35,0
3,4,0,2,1,0,1,1,2,3,0,5,35,0
5,0,0,0,2,0,0,0,0,0,0,0,30,0
4,3,0,0,1,0,0,0,2,2,0,1,50,0
4,12,0,0,2,0,0,0,2,2,0,0,25,0
4,4,0,0,2,0,1,0,3,4,8,5,35,0
0,3,0,0,1,0,0,0,11,9,0,1,50,0
5,3,1,0,1,0,1,0,9,10,8,5,40,0
4,0,0,0,1,0,0,0,0,0,4,0,35,0
1,0,0,0,2,0,0,0,2,2,0,3,35,0
5,3,1,0,1,0,0,0,0,0,0,0,35,0
0,1,0,0,2,0,1,0,1,1,0,1,40,0
0,4,0,0,1,0,0,0,2,2,0,1,25,0
0,1,1,0,2,0,1,0,3,3,5,9,35,0
0,0,0,2,1,0,0,0,0,0,2,0,30,0
4,0,0,0,1,0,1,0,2,2,8,1,40,0
0,0,0,0,1,0,0,0,2,2,5,0,30,0
4,3,0,0,1,0,0,0,8,8,4,1,30,0
5,0,1,0,1,0,1,0,2,2,0,7,40,0
4,0,0,0,5,0,0,0,0,0,0,0,40,0
4,0,0,0,2,0,1,1,2,2,0,2,25,0
5,0,0,0,1,0,1,0,2,2,0,3,45,0
4,0,4,0,1,0,1,0,2,2,8,3,35,0
0,0,0,0,2,0,0,0,0,0,4,0,25,0
4,3,0,0,0,0,0,0,2,2,0,1,40,0
1,2,1,1,2,0,0,0,8,8,0,1,40,0
4,0,0,0,1,0,0,0,0,0,4,0,40,0
4,3,0,0,0,0,0,0,3,3,0,1,40,0
5,1,0,0,2,0,1,0,6,6,9,1,40,0
4,1,0,0,2,0,1,1,2,2,0,5,30,0
1,4,0,0,1,0,0,0,10,11,8,1,35,0
4,3,0,0,2,0,1,0,2,2,0,5,35,0
4,4,1,0,1,0,1,1,2,2,0,5,30,0
5,3,0,0,2,0,0,0,9,10,4,1,30,0
4,10,0,0,1,0,1,0,3,3,0,1,35,0
4,2,1,0,2,0,0,0,1,1,0,1,35,0
1,3,0,0,2,0,1,1,2,2,5,5,25,0
0,0,0,0,2,0,0,0,0,0,6,3,30,0
0,0,0,0,2,0,0,0,0,0,0,0,40,0
5,3,1,0,2,0,0,0,3,3,0,1,30,0
5,0,1,0,2,0,1,0,2,2,0,3,25,0
3,0,0,2,2,0,0,0,0,0,0,1,30,0
0,3,0,4,1,0,1,0,3,4,22,5,40,0
0,4,0,0,0,0,1,1,2,2,0,5,40,0
3,0,0,2,1,0,0,0,0,0,1,0,35,0
3,0,0,2,5,0,1,0,2,2,4,1,20,0
0,0,1,5,2,0,0,0,0,0,0,3,40,0
3,7,0,2,2,0,1,1,3,3,0,1,25,0
5,3,0,0,0,0,1,0,1,2,4,12,25,0
2,3,0,5,0,0,0,0,4,4,0,1,45,0
5,4,0,0,2,0,1,1,2,2,0,1,25,0
0,0,1,0,2,0,0,0,0,0,0,3,40,0
0,0,0,0,1,0,1,0,2,2,0,1,35,0
1,2,0,1,1,0,0,0,8,8,3,1,35,0
3,0,0,2,2,0,1,1,2,2,4,1,35,0
5,0,0,0,1,0,1,1,2,2,11,1,35,0
5,3,0,0,0,0,0,0,11,9,0,1,30,0
4,0,0,0,2,0,0,0,0,0,0,1,45,0
0,6,0,0,2,0,0,0,4,4,18,1,40,0
0,0,0,0,1,0,1,1,2,2,0,2,40,0
4,3,0,0,1,0,1,1,3,3,0,1,40,0
2,3,0,2,3,0,1,0,2,2,0,2,30,0
5,0,0,0,0,0,1,1,2,2,0,4,25,0
5,0,0,0,2,0,0,0,0,0,0,0,35,0
4,5,0,2,1,0,0,0,3,3,0,0,40,0
5,0,1,0,2,0,0,0,0,0,0,3,55,0
0,0,0,5,2,0,0,0,0,0,4,3,35,0
5,0,1,0,1,0,0,0,0,0,0,4,35,0
3,9,0,2,2,0,0,0,8,8,4,1,35,0
0,2,0,2,2,0,0,0,3,3,0,1,50,0
4,4,0,0,2,0,0,0,2,2,0,1,35,0
1,3,0,2,3,0,0,0,2,2,0,1,40,0
0,3,0,0,1,0,1,0,5,5,0,5,40,0
2,0,1,2,3,0,1,0,2,2,0,3,40,0
0,0,0,0,1,0,0,0,0,0,0,12,35,0
0,4,1,2,1,0,0,0,2,2,0,1,40,0
4,6,1,0,2,0,0,0,6,6,0,11,40,0
5,0,0,0,1,0,0,0,0,0,0,0,40,0
5,0,1,0,1,0,0,0,0,0,0,0,0,0
0,0,1,2,2,0,1,0,2,2,0,1,35,0
4,3,0,0,1,0,0,0,10,11,0,1,30,0
0,0,0,0,0,0,0,0,2,2,0,3,25,0
1,3,1,0,2,0,1,0,10,11,4,2,35,0
5,0,0,0,2,0,1,1,2,2,0,3,35,0
4,3,1,0,2,0,1,1,1,1,0,2,20,0
5,3,0,0,0,0,0,0,2,2,0,1,30,0
2,1,0,2,2,0,0,0,1,1,1,1,45,0
4,2,0,0,2,0,0,0,3,3,1,1,35,0
0,3,1,2,0,0,1,1,3,3,0,2,20,0
0,0,0,2,2,0,0,0,0,0,0,3,55,0
0,6,0,0,2,0,0,0,4,4,0,1,40,0
1,0,1,2,1,0,1,1,2,2,0,1,40,0
1,1,0,4,2,0,1,0,2,2,0,1,30,0
4,0,0,0,2,0,0,0,8,8,4,1,40,0
1,2,1,0,2,0,0,0,6,6,0,1,35,0
4,2,1,0,2,0,0,0,2,2,0,1,35,0
4,6,0,0,2,0,1,0,2,2,0,6,55,0
1,1,1,2,2,0,1,0,0,0,0,13,25,0
4,3,0,0,2,0,0,0,2,2,5,15,40,0
4,4,0,0,1,0,0,0,2,2,0,1,40,0
5,0,0,0,2,0,0,0,0,0,4,3,40,0
4,0,1,0,1,0,0,0,0,0,0,3,40,0
0,2,0,0,2,0,0,0,6,6,9,3,30,0
0,3,0,2,1,0,1,0,3,3,1,10,40,0
3,0,0,2,1,0,1,1,0,0,0,13,25,0
2,1,1,2,2,1,1,0,2,2,0,1,40,0
4,0,0,0,2,0,0,0,6,6,0,1,35,0
5,0,0,0,1,0,0,0,0,0,0,16,40,0
4,0,0,0,2,0,1,0,2,2,0,3,40,0
5,3,0,0,1,0,0,0,11,9,0,1,35,0
3,0,0,2,0,1,1,0,2,2,0,1,30,0
4,0,1,0,2,0,0,0,0,0,0,0,35,0
5,10,1,0,0,0,1,1,3,3,0,5,45,0
1,1,0,4,2,0,0,0,2,2,1,1,50,0
0,0,0,0,1,0,0,0,0,0,0,0,25,0
5,3,1,0,0,0,1,1,2,2,0,2,25,0
0,0,0,0,5,0,0,0,0,0,0,3,40,0
0,0,1,5,1,0,1,0,2,2,0,1,40,0
4,3,0,0,2,0,0,0,2,2,0,1,35,0
0,3,1,0,1,0,0,0,2,2,0,1,40,0
4,3,0,0,2,0,0,0,2,2,0,1,45,0
1,0,0,2,2,0,1,1,2,2,0,1,30,0
0,0,0,0,2,0,0,0,0,0,0,3,35,0
5,0,1,0,2,0,0,0,0,0,0,0,40,0
5,3,0,0,0,0,0,0,2,2,0,1,40,0
0,3,0,2,2,0,0,0,3,3,0,1,40,0
1,12,0,1,2,0,0,0,13,13,0,1,30,0
5,0,0,0,2,0,1,0,2,2,0,3,55,0
5,4,0,0,2,0,1,0,2,2,0,5,30,0
4,0,0,0,1,0,0,0,0,0,8,0,35,0
4,1,1,0,2,0,1,1,2,2,0,1,20,0
5,1,0,0,2,0,1,0,11,9,0,2,25,0
4,6,1,0,2,0,0,0,2,2,0,1,35,0
2,11,0,2,2,0,0,0,0,0,0,5,40,0
4,3,0,0,0,0,1,0,2,2,0,2,25,0
4,3,0,0,1,0,0,0,10,11,0,17,20,0
5,13,0,0,1,0,0,0,1,1,0,5,25,0
0,13,0,0,0,0,0,0,2,2,0,1,30,0
1,0,0,0,2,0,0,0,0,0,8,0,40,0
0,3,0,0,0,0,1,1,3,2,0,4,35,0
0,2,0,0,2,0,0,0,4,4,0,1,35,0
4,1,0,0,2,0,1,0,2,2,0,7,55,0
4,1,0,0,2,0,0,1,2,2,0,1,25,0
0,4,1,0,1,0,0,0,2,2,0,1,45,0
4,0,0,0,2,0,1,0,0,0,22,1,55,0
4,3,0,0,2,0,1,0,10,11,0,5,30,0
3,0,1,5,1,0,0,0,0,0,0,0,35,0
1,0,0,1,1,0,0,0,0,2,0,0,35,0
4,3,0,0,1,0,0,0,8,9,8,4,30,0
5,3,0,0,1,0,1,1,2,2,5,5,35,0
0,4,1,2,1,0,0,0,1,1,0,1,35,0
4,0,0,0,1,0,1,0,2,2,0,3,30,0
1,12,0,0,2,0,0,0,1,1,0,1,35,0
1,2,0,0,2,0,0,0,8,8,0,1,40,0
5,2,0,0,5,0,0,0,4,4,0,3,40,0
4,0,0,0,1,0,1,1,2,2,0,1,40,0
4,0,0,0,0,0,0,0,0,0,4,0,35,0
5,3,1,0,1,0,0,0,2,2,7,1,35,0
0,4,0,0,1,1,1,0,2,2,0,5,40,0
0,5,1,0,0,0,0,0,2,2,0,16,35,0
4,3,0,0,2,0,0,0,10,11,0,8,25,1
0,0,0,0,1,0,0,0,0,0,0,0,30,0
0,3,1,2,2,0,1,0,2,2,0,5,35,0
0,4,0,0,1,0,0,0,4,4,0,2,35,0
5,3,0,0,1,0,1,0,2,2,0,1,25,0
5,7,0,0,2,0,0,0,1,1,0,0,25,0
4,6,0,0,1,0,0,0,8,8,9,5,30,0
5,1,0,0,2,0,1,0,2,2,0,1,30,0
0,0,0,0,2,0,1,0,2,2,4,1,25,0
5,1,0,0,2,0,0,0,2,2,0,3,35,0