Crash Time of Day,Collision Type,Surface Condition,Light,Traffic Control,Driver Substance Abuse,Driver At Fault,Driver Distracted By,Vehicle First Impact Location,Vehicle Second Impact Location,Vehicle Body Type,Vehicle Movement,Speed Limit,Parked Vehicle
3,0,0,2,2,0,0,0,2,2,0,8,25,1
5,6,1,0,2,0,0,0,10,11,0,1,55,0
1,3,0,2,1,0,0,0,2,2,8,1,35,0
0,0,1,0,1,0,1,1,2,2,8,3,40,0
4,0,0,0,1,0,0,0,0,0,0,0,40,0
5,2,0,0,2,0,1,0,3,3,0,3,40,0
0,3,0,5,0,0,1,0,1,1,0,2,25,0
4,0,0,0,1,0,1,0,2,2,5,3,45,0
5,4,1,0,0,0,1,0,1,1,0,12,25,0
5,10,0,0,2,0,0,0,6,6,13,0,15,0
1,4,1,4,2,0,0,0,2,2,0,1,40,0
1,0,0,0,2,0,0,0,0,0,0,0,50,0
3,4,0,2,1,1,1,0,2,2,4,4,45,0
5,0,0,0,2,0,0,0,0,0,4,3,35,0
0,3,0,0,2,0,0,0,3,3,0,0,50,0
4,9,1,0,2,0,1,0,2,1,18,12,25,0
5,3,0,0,0,0,1,0,2,2,0,4,25,0
4,0,1,0,1,0,1,1,0,0,0,2,35,0
4,0,0,0,2,0,0,0,0,0,0,3,55,0
5,0,0,0,2,0,1,0,2,2,5,3,30,0
1,12,0,2,2,0,1,1,2,2,0,1,35,0
5,3,0,0,1,0,1,0,1,1,0,5,25,0
4,3,1,0,0,0,0,0,2,2,5,1,50,0
0,0,0,0,1,0,0,0,0,0,4,0,40,0
0,3,0,0,0,0,0,0,9,4,0,1,25,0
1,1,6,2,2,0,1,0,3,3,0,1,55,0
4,0,0,0,1,0,1,0,2,2,11,3,45,0
5,3,0,0,1,0,0,0,4,14,6,1,40,0
0,2,0,0,2,0,1,1,1,1,0,4,35,0
1,4,0,0,2,0,1,0,2,2,0,10,35,0
0,2,0,0,1,0,1,0,3,3,17,1,25,0
4,4,0,0,2,0,0,0,2,2,0,1,30,0
1,0,0,0,2,0,0,0,2,2,4,3,35,0
4,0,0,0,1,0,0,0,0,0,0,0,30,0
5,0,0,0,1,0,0,0,0,0,0,0,35,0
5,10,0,0,0,0,0,0,2,2,0,1,40,0
5,0,0,0,1,0,0,0,0,0,0,3,35,0
5,0,0,0,1,0,0,0,0,0,0,0,35,0
1,1,0,0,2,0,1,0,2,2,0,1,40,0
0,2,0,0,1,0,0,0,2,2,4,0,40,0
4,5,0,0,2,0,0,0,2,2,0,1,30,0
0,3,0,0,2,0,0,0,2,2,0,1,30,0
2,3,0,2,3,0,1,0,3,3,0,2,25,0
4,3,0,0,1,0,0,0,2,2,0,4,45,0
0,2,0,0,1,0,0,0,1,8,0,1,40,0
1,0,0,0,2,0,1,1,2,2,0,1,35,0
4,1,0,0,2,0,0,0,2,2,0,7,40,0
3,0,0,4,1,0,0,0,0,0,0,4,45,0
3,14,0,2,0,0,1,1,1,1,0,5,40,0
0,0,0,2,2,0,0,0,0,0,0,0,30,0
3,0,0,2,1,0,0,0,0,0,4,0,40,0
5,3,0,0,2,0,1,0,8,8,5,5,25,0
1,2,0,0,2,0,1,0,9,10,0,11,30,0
1,0,0,0,2,0,0,0,0,0,0,3,35,0
3,12,1,4,2,0,0,0,2,2,0,1,30,0
4,12,4,0,2,0,1,0,2,2,0,1,40,0
5,0,0,0,1,0,1,0,2,2,0,3,35,0
4,3,1,0,1,0,0,0,10,11,0,4,35,0
0,0,0,3,2,0,0,0,0,0,0,3,55,0
4,4,0,0,2,0,0,0,2,2,0,1,30,0
3,0,0,5,1,0,1,0,2,2,0,3,35,0
0,0,0,0,2,0,0,0,0,0,0,3,55,0
4,4,0,0,2,0,1,0,2,2,0,5,45,0
3,7,0,2,2,0,0,0,1,1,0,1,40,0
0,0,0,0,2,0,0,0,0,0,9,3,35,0
0,3,4,2,2,0,1,0,3,3,11,7,25,0
1,9,0,0,2,0,0,0,10,11,11,1,50,0
5,3,0,0,2,0,0,1,2,2,11,1,30,0
5,0,0,0,1,0,1,0,2,2,15,4,30,0
0,4,1,2,1,0,0,0,2,2,8,1,40,0
2,0,0,2,1,0,0,0,0,0,4,0,40,0
4,7,0,0,2,0,1,1,4,10,0,12,35,0
0,3,0,2,1,0,1,1,2,2,0,5,35,0
5,0,0,0,2,0,0,0,0,0,0,1,45,0
4,3,1,0,1,0,0,0,2,2,0,1,40,0
1,0,0,0,1,0,0,0,0,0,0,0,40,0
5,4,0,0,2,0,0,0,3,2,0,1,45,0
0,0,0,0,2,0,1,0,2,2,0,1,30,0
4,0,0,0,1,0,1,0,2,2,0,3,45,0
5,3,0,0,1,0,1,0,2,2,0,1,40,0
3,0,0,4,2,0,0,0,0,0,0,3,40,0
4,4,0,0,1,0,1,0,2,2,4,5,35,0
5,3,1,0,1,0,0,0,11,9,0,1,40,0
0,0,0,0,1,0,0,0,0,0,0,4,35,0
0,6,0,0,2,0,1,1,11,9,3,6,40,0
4,0,0,0,2,0,0,0,0,0,0,0,40,0
5,0,1,0,1,0,0,0,0,0,0,0,45,0
4,3,0,0,0,0,1,1,2,2,4,5,35,0
0,0,1,2,1,0,0,0,0,0,0,3,40,0
4,0,0,0,1,0,0,0,6,6,0,0,35,0
4,0,4,0,2,0,0,0,0,0,4,0,35,0
5,0,0,0,1,0,0,0,0,0,0,3,35,0
0,0,0,0,2,1,1,0,2,2,0,1,30,0
5,13,0,0,0,0,0,0,3,3,0,1,30,0
4,0,0,0,1,0,1,0,2,2,0,1,35,0
4,4,0,0,2,0,0,0,2,2,8,5,40,0
0,4,0,2,1,0,0,0,2,2,0,1,30,0
5,12,0,0,2,0,1,0,0,0,15,13,25,0
0,0,1,5,2,0,0,0,0,0,0,0,40,0
3,0,1,2,1,0,1,0,2,2,1,3,35,0
3,3,0,2,1,0,1,1,4,4,0,5,35,0
0,0,0,2,2,0,0,0,0,0,0,3,25,0
5,0,0,0,1,0,0,0,0,0,0,0,40,0
2,0,0,2,2,0,1,0,2,2,0,1,40,0
4,3,1,0,1,0,0,0,2,2,0,1,45,0
0,0,0,0,2,0,0,0,0,0,0,12,30,0
0,0,0,2,2,0,1,1,2,2,0,2,15,0
5,3,0,0,0,0,0,0,7,2,0,1,30,0
4,0,0,0,1,0,1,0,2,2,0,3,35,0
3,0,0,3,2,0,0,0,0,0,0,3,55,0
4,4,0,0,2,0,1,1,2,2,0,5,25,0
3,6,1,2,2,0,1,0,1,1,0,10,35,0
3,3,0,2,0,0,0,0,2,2,0,1,15,0
3,0,1,2,2,0,0,0,0,0,0,0,50,0
5,3,0,0,1,0,1,0,2,2,0,5,40,0
0,3,1,0,1,0,0,0,1,1,0,4,45,0
0,0,1,0,2,0,1,0,2,2,0,1,25,0
4,0,0,0,2,0,1,0,2,2,0,1,30,0
5,0,0,0,2,0,1,0,2,2,0,3,35,0
5,0,0,0,1,0,0,0,0,0,5,3,35,0
3,2,1,2,2,0,1,1,3,3,0,1,25,0
3,4,0,4,2,0,1,0,1,1,0,5,25,0
1,0,1,1,1,0,1,0,2,2,8,3,35,0
4,3,0,0,0,0,0,0,2,2,0,1,45,0
1,4,0,4,1,0,0,0,2,2,0,5,35,0
0,6,1,1,1,0,0,0,1,1,23,5,35,0
1,4,1,0,1,0,1,1,3,3,0,5,40,0
5,0,1,0,2,0,1,0,2,2,0,3,35,0
5,0,0,0,2,1,1,0,2,2,0,1,35,0
4,0,0,0,1,0,0,0,0,0,0,3,35,0
5,0,0,0,1,0,0,0,0,0,4,0,30,0
4,7,0,0,2,0,1,1,3,3,7,6,55,0
3,4,0,2,2,0,1,0,2,2,0,5,35,0
0,3,0,0,2,0,1,0,8,8,0,5,35,0
5,1,1,0,2,0,1,0,0,0,0,1,35,0
0,0,1,2,0,0,0,0,0,0,3,3,25,0
0,3,0,5,2,0,1,1,2,2,0,5,35,0
4,0,0,0,2,0,0,0,0,0,11,3,40,0
4,0,0,0,2,0,0,0,2,2,13,1,35,0
0,6,0,0,2,0,1,1,1,1,0,16,30,0
0,0,0,0,1,0,0,0,5,5,0,0,35,0
5,0,1,0,2,0,1,0,2,2,0,6,35,0
0,15,0,0,1,0,1,0,5,5,9,16,35,0
1,13,1,1,1,0,0,0,2,2,0,1,40,0
1,4,0,2,1,0,0,0,8,2,0,1,30,0
0,2,0,0,1,0,0,0,0,0,0,1,30,0
4,0,0,0,1,0,1,1,2,2,0,1,50,0
2,2,0,2,2,0,0,0,10,9,0,8,30,1
5,3,0,0,1,0,0,0,1,2,0,1,35,0
0,3,0,0,0,0,0,0,11,9,0,1,30,0
5,2,0,0,2,0,1,1,8,8,11,1,25,0
5,0,0,0,1,0,0,0,0,0,5,0,45,0
0,4,0,5,1,0,1,0,1,1,4,4,40,0
4,3,0,0,5,0,0,0,4,4,0,1,30,0
4,3,0,0,2,0,0,0,2,2,0,1,45,0
0,0,0,0,2,0,0,0,0,0,0,0,35,0
0,7,0,0,2,0,0,0,11,9,22,1,35,0
5,0,0,0,1,1,1,0,2,2,0,1,45,0
3,4,0,2,1,0,1,1,7,7,0,5,35,0
3,0,4,2,2,0,0,0,0,0,0,0,40,0
0,0,0,0,2,0,1,0,2,2,0,3,35,0
4,11,1,0,2,0,0,0,7,7,0,5,40,0
0,0,0,0,2,0,0,0,0,0,0,0,50,0
4,1,0,0,2,0,0,0,2,2,0,1,30,0
1,0,0,0,2,0,0,0,0,0,5,3,35,0
5,7,1,0,2,0,0,0,10,1,0,1,35,0
4,4,1,0,2,0,0,0,2,2,18,1,30,0
5,0,0,0,2,0,0,0,0,0,0,0,40,0
3,1,1,2,2,0,1,0,2,2,0,1,35,0
5,4,0,0,1,0,1,0,7,7,10,1,35,0
0,6,0,0,2,0,0,0,5,5,0,1,55,0
3,1,1,4,2,0,0,0,2,2,0,1,40,0
1,5,0,0,0,0,0,0,2,2,7,1,25,0
4,2,0,0,2,0,0,0,3,3,13,1,45,0
1,3,0,2,3,0,0,0,2,2,0,1,45,0
1,9,0,0,2,0,0,0,11,9,0,3,25,0
4,1,0,0,2,0,1,0,0,0,1,10,25,0
5,2,0,0,2,0,0,0,6,6,3,1,25,0
3,4,0,2,1,0,1,1,1,1,0,5,35,0
0,3,0,0,1,0,1,1,2,2,0,1,40,0
5,3,0,0,2,0,0,0,2,2,11,1,35,0
3,0,0,2,1,0,0,0,0,0,0,3,35,0
0,0,0,0,2,0,1,0,2,2,0,4,40,0
0,0,0,0,2,0,0,0,3,3,0,0,35,0
5,3,0,0,1,0,0,0,6,6,5,4,35,0
2,0,0,2,1,0,0,0,0,0,4,0,40,0
5,2,0,0,2,0,1,1,4,4,0,1,30,0
0,0,0,2,1,0,0,1,0,0,4,3,35,0
5,0,0,0,2,0,1,0,2,2,0,1,35,0
2,2,0,2,2,0,0,0,0,0,8,8,35,1
1,3,0,0,2,0,0,0,5,5,5,1,35,0
0,0,1,0,1,0,0,0,0,0,0,2,25,0
5,0,0,0,2,0,0,0,0,2,0,3,30,0
0,0,0,2,1,0,1,1,2,2,0,1,35,0
5,4,0,0,1,0,0,0,2,2,0,1,35,0
0,1,0,0,2,0,1,1,2,2,4,1,35,0
5,3,0,0,1,0,0,0,1,1,0,1,30,0
4,3,0,0,0,0,1,1,2,2,0,12,40,0
4,0,0,0,2,0,0,0,0,0,4,0,45,0
2,1,0,2,2,0,1,0,2,2,0,1,30,0
5,3,0,0,2,0,1,0,1,1,0,6,35,0
0,0,1,0,2,0,0,0,0,0,4,3,35,0
4,0,0,0,2,0,0,0,0,0,0,3,40,0
3,4,0,2,2,0,0,0,1,1,0,1,45,0
0,0,0,3,1,0,0,0,0,0,0,3,45,0
2,1,0,4,2,1,1,0,3,3,0,1,40,0
4,10,1,0,0,0,0,0,2,2,0,1,40,0
0,0,0,5,5,0,0,0,0,0,0,12,25,0
4,2,1,0,2,0,0,0,8,8,3,0,30,0
0,1,0,0,2,0,1,0,2,2,0,2,35,0
4,0,1,0,2,0,0,0,0,0,0,0,30,0
0,2,0,0,2,0,0,0,1,1,3,1,35,0
5,0,0,0,2,0,0,0,0,0,0,5,40,0
1,4,1,2,1,0,0,0,1,2,0,1,40,0
3,3,0,2,0,0,0,0,2,2,0,1,40,0
0,0,0,2,1,0,1,1,2,2,0,1,55,0
4,13,0,0,1,0,0,0,2,2,0,5,45,0
4,0,0,0,1,0,0,0,0,0,8,3,35,0
0,7,0,2,1,0,0,0,2,2,15,2,35,0
4,2,0,0,2,0,0,0,5,5,0,1,35,0
0,0,0,0,1,0,0,0,0,0,11,0,45,0
0,4,0,0,0,0,0,0,2,2,5,1,35,0
5,12,0,0,1,0,0,0,2,2,0,0,45,0
4,6,0,0,2,0,0,0,1,1,7,5,30,0
0,6,0,0,1,0,0,0,8,8,3,0,30,0
1,0,0,0,2,0,1,1,2,2,0,1,40,0
5,10,0,0,5,0,0,0,2,2,0,1,40,0
4,0,0,0,2,0,0,0,0,0,0,0,40,0
5,4,0,0,1,0,0,0,6,6,0,3,30,0
4,1,5,0,2,0,0,0,3,3,15,7,25,0
4,0,0,0,2,0,1,1,2,2,0,3,35,0
0,0,0,5,1,0,1,0,2,2,8,1,35,0
4,0,0,0,1,0,0,0,0,0,21,3,40,0
0,0,0,0,2,0,1,0,2,2,0,9,35,0
0,0,1,0,2,0,0,0,0,0,4,1,40,0
4,4,1,0,1,0,0,0,2,2,4,1,40,0
5,4,1,0,1,0,0,0,8,8,0,1,40,0
5,6,0,0,2,0,0,0,3,3,0,1,30,0
4,0,0,0,1,0,0,0,0,0,4,3,40,0
5,4,0,0,1,0,0,0,1,2,0,1,40,0
5,3,1,0,1,0,0,0,2,2,0,0,45,0
0,0,0,0,1,0,0,0,0,0,0,3,40,0
0,0,1,2,2,0,0,0,0,0,4,0,30,0
3,2,0,2,2,0,0,0,6,6,3,3,40,0
0,0,0,4,2,0,1,1,2,2,0,1,45,0
0,12,4,4,2,0,0,0,2,2,0,1,45,0
5,7,0,0,1,0,0,0,1,1,3,1,40,0
1,6,5,0,1,0,1,0,6,6,0,6,30,0
5,6,0,0,2,0,1,0,0,0,0,5,30,0
5,4,0,0,1,0,1,1,0,0,0,5,45,0
5,1,0,0,1,0,1,0,2,2,4,5,40,0
0,0,0,0,2,0,1,0,2,2,0,1,35,0
1,0,0,5,1,0,0,0,0,0,0,3,40,0
3,0,0,4,1,1,1,0,2,2,0,1,35,0
4,2,1,0,2,0,0,0,4,4,0,1,30,0
1,3,1,2,3,0,1,0,2,2,0,1,35,0
3,2,0,2,2,1,1,1,3,4,0,1,55,0
4,15,1,0,1,0,1,0,6,6,3,5,35,0
3,0,1,2,1,0,1,0,2,2,0,3,40,0
0,0,1,2,1,0,0,0,0,0,0,5,30,0
0,0,1,5,1,0,0,0,0,0,0,3,40,0
0,0,0,0,2,0,0,0,0,2,4,0,40,0
1,2,1,2,2,0,1,1,1,1,0,6,25,0
1,3,0,0,1,0,0,0,2,2,0,1,25,0
5,12,0,0,0,0,1,1,1,1,0,2,30,0
4,14,0,0,0,0,1,1,2,2,0,5,35,0
5,0,1,0,1,0,0,0,0,0,0,0,40,0
0,0,1,0,2,0,0,0,0,0,0,0,35,0
1,0,1,0,2,0,0,1,2,2,0,1,35,0
4,3,1,0,0,0,0,0,2,2,0,1,25,0
3,2,0,2,2,1,1,1,2,2,0,1,25,0
5,2,0,0,1,0,0,0,3,4,0,1,25,0
1,1,0,2,2,1,1,1,2,2,0,1,35,0
2,9,0,2,2,0,1,0,1,1,0,1,25,0
5,2,0,0,1,0,1,0,3,3,17,1,40,0
0,0,0,0,2,0,0,0,0,0,0,0,40,0
0,0,0,2,2,0,1,1,2,2,0,1,35,0
0,0,0,0,2,0,0,0,0,0,0,3,55,0
4,0,0,0,1,0,0,0,0,0,0,3,35,0
0,1,1,0,2,0,1,0,3,1,0,1,40,0
5,0,0,0,1,0,0,0,0,0,0,0,40,0
1,3,0,4,2,0,0,0,11,9,4,0,40,0
4,0,0,0,1,0,0,0,0,0,0,12,30,0
0,0,0,0,2,0,0,0,4,4,0,1,45,0
4,0,4,0,1,0,0,0,0,0,0,0,30,0
1,1,0,2,2,0,0,0,2,1,2,1,45,0
4,3,0,0,2,0,1,0,2,2,5,5,35,0
0,0,0,0,2,0,0,0,0,0,0,0,45,0
0,0,0,0,1,0,1,0,0,0,4,17,45,0
2,3,0,2,0,0,1,0,11,9,4,5,35,0
0,0,0,0,2,0,1,0,2,2,0,3,35,0
5,2,0,0,2,0,0,0,10,11,3,4,30,0
1,3,0,0,2,0,0,0,4,4,0,1,35,0
4,7,1,0,2,0,0,0,1,1,0,1,30,0
0,3,0,4,0,0,1,0,3,3,0,2,35,0
0,0,0,5,1,0,0,0,0,0,0,0,40,0
0,4,1,0,1,0,1,0,2,2,0,3,40,0
1,4,0,0,1,0,0,0,2,2,5,1,40,0
1,3,0,2,1,0,1,0,3,2,4,1,40,0
5,3,0,0,2,0,0,0,2,2,0,1,25,0
3,0,0,2,1,0,0,0,0,0,0,0,35,0
0,0,0,0,2,0,1,0,2,2,0,6,50,0
4,3,0,0,1,0,1,1,8,8,0,1,35,0
5,2,1,0,1,0,0,0,8,8,15,0,35,0
0,0,0,0,1,0,0,0,0,0,0,3,35,0
3,3,0,4,0,0,0,0,8,8,0,2,25,0
0,0,1,2,2,0,0,0,0,0,0,3,35,0
5,3,1,0,2,0,0,0,5,5,0,1,25,0
0,12,0,0,2,0,1,1,2,2,0,1,30,0
5,12,0,0,2,0,0,0,2,2,5,1,35,0
4,0,0,2,2,0,0,0,2,2,0,1,55,0
4,0,0,0,2,0,0,0,0,0,0,3,55,0
4,0,0,0,1,0,1,1,2,2,1,6,40,0
0,3,0,0,1,0,0,0,2,2,4,1,40,0
3,9,1,2,2,0,0,0,1,1,0,1,40,0
4,7,5,0,2,0,1,1,3,3,0,6,45,0
1,0,0,2,1,0,1,0,2,2,0,3,40,0
0,1,0,2,2,0,1,1,3,3,8,2,25,0
5,0,0,0,2,0,1,0,2,2,0,1,40,0
5,0,0,0,2,0,0,0,0,0,0,0,55,0
0,4,1,2,1,0,0,0,2,2,0,1,25,0
0,0,0,2,1,0,0,0,0,0,0,0,50,0
5,2,1,0,2,0,0,0,8,8,4,1,55,0
1,0,0,0,2,0,0,0,0,0,0,3,45,0
5,0,0,0,2,0,0,0,0,0,18,3,55,0
2,1,0,2,2,1,1,0,1,2,0,1,50,0
0,7,0,2,2,0,0,0,2,2,0,12,25,0
5,1,0,0,1,0,1,1,2,2,0,1,35,0
5,1,0,0,2,0,1,1,2,2,0,2,25,0
0,0,1,2,1,0,1,0,2,2,0,7,45,0
5,0,1,0,1,0,0,0,0,0,0,0,30,0
5,0,0,0,1,0,0,0,0,0,0,0,35,0
5,0,0,0,2,0,1,1,2,2,5,1,30,0
4,0,0,0,2,0,0,0,0,0,0,1,35,0
1,3,0,1,1,0,1,1,5,5,0,5,40,0
4,0,0,0,1,0,0,0,0,0,0,4,40,0
0,0,1,1,2,0,0,0,0,0,0,1,35,0
1,1,0,0,0,0,1,1,7,7,15,4,25,0
1,3,0,0,1,0,1,0,2,2,0,3,25,0
4,0,1,0,2,0,0,0,0,0,0,0,40,0
3,0,1,2,1,0,0,0,0,0,0,0,40,0
4,3,0,0,1,0,1,1,2,2,0,5,35,0
0,3,0,0,1,0,1,0,4,4,0,5,30,0
3,0,0,2,2,0,1,0,2,2,0,1,40,0
1,3,0,0,1,0,1,1,2,2,0,1,40,0
5,2,0,0,1,0,0,0,1,1,5,12,35,0
3,3,0,2,0,0,1,0,11,9,0,2,35,0
3,0,0,2,1,0,1,0,0,0,5,0,35,0
4,2,1,0,2,0,0,0,8,8,0,1,35,0
0,3,0,5,0,0,1,1,6,6,0,15,35,0
3,1,0,2,2,0,1,0,2,2,0,10,45,0
4,4,0,0,0,0,1,0,6,6,0,2,30,0
5,0,0,0,1,0,1,0,2,2,0,2,35,0
0,3,0,0,2,0,1,1,2,2,0,5,35,0
5,2,0,0,1,0,0,0,5,10,0,1,40,0
4,3,0,0,1,0,1,0,2,2,5,1,25,0
4,0,0,0,2,0,0,0,0,0,0,1,30,0
1,1,1,2,2,0,0,0,4,4,1,1,35,0
0,3,0,2,0,0,0,0,10,11,0,1,30,0
3,0,0,2,2,0,1,0,2,2,0,1,25,0
5,4,0,0,2,0,0,0,4,4,0,4,35,0
4,3,0,0,0,0,1,1,2,2,0,5,25,0
0,0,1,2,2,0,1,0,2,2,0,1,40,0
1,2,0,0,2,0,1,1,3,3,0,1,25,0
5,2,0,0,2,0,1,0,2,2,4,3,40,0
1,3,0,0,2,0,1,1,2,2,0,16,25,0
2,3,0,2,1,0,0,0,3,3,0,2,35,0
3,0,0,2,1,0,0,0,0,0,0,3,35,0
0,3,0,0,0,0,0,0,2,2,0,1,35,0
0,0,0,0,1,0,0,0,0,0,0,3,35,0
5,6,0,0,1,0,0,0,3,3,3,1,35,0
5,0,0,0,2,0,1,1,2,2,0,1,30,0
5,1,0,0,2,0,1,0,8,8,19,1,45,0
4,3,0,0,2,0,1,1,11,9,0,2,35,0
4,7,0,0,0,0,1,0,10,11,11,11,25,0
3,0,0,2,1,1,1,1,2,2,0,3,35,0
5,9,0,0,1,0,1,1,5,5,0,5,45,0
4,2,0,0,2,0,0,0,1,1,0,3,35,0
4,3,0,0,2,0,0,0,8,8,0,1,30,0
5,4,0,0,1,0,1,1,2,2,0,5,40,0
0,0,0,5,2,0,1,0,2,2,0,3,25,0
5,0,0,0,1,0,0,0,0,0,0,3,35,0
0,0,0,0,2,0,0,0,0,0,0,0,30,0
0,2,0,0,2,0,0,0,8,8,8,1,30,0
5,3,0,0,1,0,0,0,2,2,0,1,25,0
5,2,0,0,2,0,0,0,1,1,3,0,35,0
4,0,0,0,1,0,0,0,0,0,0,3,40,0
0,1,0,0,2,0,1,1,2,2,4,1,30,0
5,0,0,0,1,0,0,0,14,14,15,0,35,0
0,0,0,0,1,0,0,0,0,0,0,3,35,0
1,3,1,1,1,0,1,0,5,5,0,5,40,0
0,0,0,0,1,0,0,0,7,7,0,1,40,0
4,2,0,0,1,0,1,0,1,1,0,2,35,0
5,4,0,0,1,0,0,0,2,2,4,1,40,0
0,3,0,0,0,0,1,1,4,10,0,1,30,0
5,2,0,0,2,0,1,1,3,3,3,2,35,0
0,1,0,0,1,0,1,1,2,2,0,12,40,0
4,0,0,0,2,0,0,0,2,2,0,1,30,0
0,0,0,0,2,0,0,0,0,0,0,0,45,0
5,0,0,0,2,0,0,0,1,1,0,1,40,0
2,1,0,2,1,1,1,0,3,3,18,1,45,0
5,0,0,0,1,0,0,0,0,0,1,0,25,0
0,2,0,0,2,1,1,0,4,4,0,1,25,0
0,0,0,0,2,0,0,0,0,0,0,0,40,0
5,2,0,0,2,0,0,0,9,10,0,12,55,0
0,0,0,2,1,0,0,0,0,0,0,0,40,0
5,0,0,0,2,0,0,0,0,0,5,3,35,0
0,0,1,2,2,0,0,0,0,0,0,0,40,0
5,2,0,0,2,0,1,0,2,1,0,12,25,0
4,5,0,0,2,0,0,0,2,2,0,1,40,0
5,0,0,0,2,0,1,1,2,2,0,1,35,0
3,1,0,2,2,0,1,0,2,2,0,1,30,0
3,0,0,2,2,0,0,0,0,0,0,1,35,0
5,0,0,0,2,0,1,0,3,3,0,1,0,0
5,2,0,0,2,0,1,1,1,1,0,16,25,0
0,0,0,0,2,0,1,0,2,2,0,3,30,0
0,3,0,0,0,0,1,1,2,2,0,5,45,0
3,0,0,2,2,0,0,0,0,0,5,1,35,0
1,3,1,1,1,0,0,0,2,2,0,1,40,0
0,2,0,0,2,0,0,0,8,8,0,0,25,0
4,3,0,0,2,0,1,1,1,1,0,15,30,0
5,0,0,0,2,0,0,0,0,6,13,8,35,1
5,2,0,0,2,0,0,0,9,10,3,1,35,0
4,3,1,0,0,0,1,1,3,3,4,1,35,0
5,0,0,0,2,0,1,1,1,2,0,3,55,0
1,12,0,3,2,1,1,1,1,1,0,1,25,0
5,0,0,0,1,0,1,1,2,2,0,3,35,0
4,0,0,0,2,0,0,0,0,0,0,3,55,0
5,3,0,0,2,0,0,0,2,2,8,1,35,0
5,0,0,0,2,0,0,0,0,0,0,0,35,0
2,3,0,2,1,0,1,1,5,5,0,1,40,0
5,3,0,0,0,0,1,1,11,9,0,16,35,0
0,3,0,0,0,0,1,1,3,3,8,2,35,0
5,0,0,0,2,0,1,1,2,2,0,1,25,0
5,6,0,0,1,0,0,0,3,3,0,1,35,0
0,3,0,0,2,0,0,0,1,1,4,1,35,0
4,0,0,0,1,0,0,0,0,0,0,1,30,0
3,4,0,2,0,0,1,0,8,8,0,5,40,0
0,3,0,0,2,0,0,0,8,8,0,12,35,0
5,0,0,0,2,0,1,1,2,2,0,3,35,0
4,0,0,0,2,0,0,0,0,0,0,3,55,0
4,10,0,0,1,0,0,0,5,5,13,1,35,0
2,3,0,2,1,0,0,0,2,2,0,1,35,0
2,0,0,2,1,0,0,0,0,0,3,0,45,0
1,1,0,3,2,0,1,1,2,2,0,1,15,0
1,3,0,1,1,0,1,1,3,3,0,1,50,0
0,0,0,2,1,0,0,0,0,0,0,0,30,0
4,5,0,0,2,0,1,1,6,6,0,5,40,0
4,0,0,0,2,0,1,0,2,2,0,3,30,0
3,1,0,2,1,0,0,0,1,1,0,1,40,0
5,2,0,0,2,0,1,0,2,3,0,1,25,0
4,7,0,0,0,0,1,0,9,10,3,11,25,0
5,3,0,0,2,0,1,1,5,5,0,5,35,0
4,10,0,0,1,0,1,1,1,1,0,17,35,0
4,7,0,0,0,0,0,0,11,9,7,3,25,0
0,0,0,0,1,0,0,0,6,6,0,1,35,0
5,9,0,0,1,0,0,0,2,2,0,1,45,0
1,0,0,2,2,0,1,0,2,2,0,1,35,0
5,2,0,0,2,0,0,0,1,1,0,1,35,0
4,2,0,0,1,0,0,0,2,2,0,1,45,0
3,0,0,5,2,0,1,1,2,2,1,16,30,0
4,3,0,0,1,0,1,0,2,2,8,1,35,0
4,0,0,0,2,0,1,1,3,3,4,11,35,0
4,0,0,0,2,0,1,0,0,6,0,0,30,0
0,0,0,0,2,0,1,0,2,2,0,3,35,0
4,3,0,0,0,0,0,0,3,3,0,1,25,0
1,5,0,0,0,0,1,1,3,3,5,5,30,0
1,0,1,2,1,0,0,0,0,0,4,0,40,0
0,12,0,5,2,0,1,0,2,2,0,1,25,0
5,1,0,0,2,0,1,0,9,10,15,12,40,0
2,3,0,2,3,0,0,0,4,4,0,1,35,0
0,0,0,0,1,0,0,0,0,0,0,3,35,0
0,9,0,2,2,0,0,0,2,1,8,1,30,0
5,0,0,0,2,0,0,0,0,2,0,0,35,0
0,0,0,2,2,0,1,1,0,0,4,13,35,0
5,0,0,0,1,0,1,1,2,2,11,3,25,0
1,3,0,5,2,0,1,0,3,3,0,5,40,0
3,0,0,2,1,0,1,1,2,2,7,4,40,0
0,2,0,2,1,0,0,0,2,2,0,1,40,0
4,3,0,0,1,0,1,1,2,2,4,1,35,0
3,0,1,2,1,0,0,0,0,0,0,0,40,0
3,1,0,2,2,0,1,1,1,1,1,10,30,0
4,1,0,0,2,0,1,1,2,2,0,1,40,0
5,0,1,0,1,0,1,0,2,2,0,7,40,0
5,2,0,0,2,0,1,0,11,9,0,10,40,0
0,6,0,2,2,0,0,0,3,3,0,1,40,0
5,0,0,0,1,0,0,0,0,0,0,3,25,0
3,0,0,2,1,0,0,0,0,0,0,0,35,0
1,3,0,1,1,0,1,1,2,2,0,1,45,0
0,0,0,2,1,0,1,0,2,2,0,3,30,0
4,0,0,0,2,0,0,0,0,0,11,1,35,0
2,0,0,2,1,0,1,0,2,2,0,3,35,0
5,0,1,0,2,0,1,0,2,2,1,3,40,0