Crash Time of Day,Collision Type,Surface Condition,Light,Traffic Control,Driver Substance Abuse,Driver At Fault,Driver Distracted By,Vehicle First Impact Location,Vehicle Second Impact Location,Vehicle Body Type,Vehicle Movement,Speed Limit,Parked Vehicle
5,0,0,0,1,0,0,0,0,2,13,3,35,0
4,0,0,0,1,0,1,0,2,2,0,0,25,0
5,0,0,0,1,0,0,0,0,0,0,0,35,0
1,7,0,1,1,0,0,0,1,1,0,1,40,0
1,1,0,0,2,0,1,1,9,10,0,1,25,0
0,0,1,0,2,0,0,0,0,0,0,0,40,0
5,4,0,0,1,0,0,0,2,2,0,1,35,0
5,0,0,0,2,0,0,0,0,0,3,0,35,0
0,0,0,0,1,0,0,0,0,0,4,0,35,0
0,0,0,0,1,0,1,1,2,2,4,1,40,0
1,0,1,2,2,0,0,0,2,2,3,1,45,0
2,1,6,2,2,0,0,0,2,2,2,1,45,0
0,0,1,0,2,0,1,1,2,2,0,1,40,0
0,4,1,0,1,0,0,0,2,2,0,4,35,0
1,6,1,2,1,0,1,0,8,8,0,5,35,0
5,6,0,0,2,0,0,0,3,3,4,1,40,0
0,4,0,0,1,0,0,0,3,2,4,5,30,0
0,3,0,0,0,0,1,1,2,2,0,4,35,0
1,0,0,0,1,0,1,1,2,2,15,4,40,0
3,3,0,2,2,0,0,0,2,2,0,1,25,0
5,4,0,0,1,0,1,0,5,5,0,5,45,0
5,0,0,0,1,0,1,1,2,2,0,2,35,0
3,2,0,2,2,0,1,0,11,3,4,6,40,0
5,0,0,0,2,0,0,0,0,0,8,3,30,0
4,3,0,0,2,0,0,0,2,1,0,1,30,0
0,9,0,0,0,0,0,0,1,1,0,12,25,0
5,3,0,0,2,0,0,0,9,10,0,0,35,0
5,0,1,0,1,0,0,0,0,0,0,3,45,0
3,3,1,2,2,0,1,1,3,3,0,1,35,0
3,3,0,2,2,0,1,1,2,2,0,15,25,0
1,0,0,0,1,0,0,0,0,0,4,3,35,0
1,7,0,1,1,0,1,1,2,2,0,12,40,0
0,0,0,0,1,0,0,0,0,0,0,0,35,0
1,1,0,2,2,0,0,0,2,2,0,1,35,0
3,2,0,2,2,0,0,0,7,7,0,1,35,0
2,0,0,2,2,0,0,0,0,0,0,1,50,0
5,2,1,0,2,0,1,1,1,1,0,16,25,0
3,10,1,2,2,0,0,0,3,3,13,1,30,0
4,3,0,0,1,0,1,1,2,2,0,12,35,0
0,2,0,0,2,0,0,0,8,1,0,1,40,0
3,4,1,2,1,0,0,0,5,5,0,5,35,0
5,3,0,0,1,0,0,0,2,2,0,1,40,0
0,9,0,0,0,0,1,1,0,0,5,5,25,0
3,2,0,2,2,1,1,1,2,2,4,1,25,0
1,5,0,2,3,0,0,0,8,8,0,1,40,0
5,1,0,0,2,0,1,1,2,2,0,1,40,0
4,7,0,0,1,0,1,0,6,6,13,1,30,0
0,3,0,0,1,0,0,0,2,2,0,1,35,0
2,3,0,2,3,0,0,0,2,2,0,1,40,0
4,4,0,0,1,0,0,0,2,2,0,1,40,0
4,3,0,0,5,0,0,0,8,8,0,1,30,0
2,12,0,2,1,0,0,0,2,2,0,5,30,0
5,0,0,0,2,0,0,0,0,0,0,0,35,0
5,0,0,0,1,0,0,0,0,0,0,0,40,0
5,3,0,0,1,0,0,1,3,3,4,5,35,0
4,1,0,0,0,0,1,0,7,7,15,5,25,0
0,4,0,2,2,0,0,0,1,8,6,1,30,0
3,10,1,2,2,0,1,1,1,1,0,12,30,0
2,1,1,2,2,0,1,0,2,2,4,1,30,0
3,3,0,2,0,0,0,0,2,2,0,1,40,0
5,4,0,0,1,0,0,0,2,2,0,2,40,0
5,6,0,0,2,0,1,1,2,2,0,1,30,0
3,0,0,2,1,1,1,0,2,2,0,1,25,0
4,3,0,0,1,0,0,0,8,8,4,4,25,0
0,2,0,5,1,0,0,0,1,1,0,5,30,0
0,3,0,0,2,0,0,0,2,2,0,1,45,0
4,7,0,0,2,0,0,0,10,11,0,1,35,0
0,2,0,0,2,0,0,0,11,9,0,8,25,1
4,3,0,0,2,0,1,0,6,6,0,5,35,0
4,0,0,0,1,0,0,0,0,0,0,0,35,0
4,4,0,0,2,0,0,0,2,2,4,1,35,0
1,0,0,0,2,0,1,1,2,2,0,1,35,0
4,0,0,2,2,0,0,0,2,2,0,3,50,0
5,0,0,0,1,0,1,1,3,3,5,1,50,0
3,0,0,2,1,0,0,0,0,0,0,0,40,0
4,4,0,0,2,0,1,0,3,3,0,5,35,0
4,0,0,0,2,0,1,0,2,2,0,3,30,0
5,3,0,0,1,0,1,0,9,10,4,5,35,0
0,3,0,0,0,0,1,1,2,2,0,12,25,0
3,4,0,2,1,0,1,1,9,10,0,1,35,0
5,0,0,0,1,0,0,0,0,0,4,0,50,0
4,4,0,0,1,0,0,0,2,2,0,0,40,0
1,1,1,2,6,0,1,0,2,2,0,1,40,0
4,2,0,0,2,0,1,0,4,4,0,1,35,0
0,3,0,0,1,0,0,0,2,2,0,1,35,0
0,6,0,1,2,0,1,1,1,1,0,2,10,0
3,0,0,2,1,0,1,1,2,2,0,1,35,0
3,3,0,2,2,0,1,1,1,1,0,5,40,0
1,2,1,1,1,0,1,0,6,6,0,1,35,0
1,12,0,1,1,0,0,0,2,2,0,5,35,0
5,12,0,0,2,0,1,1,2,2,0,1,35,0
4,3,0,0,0,0,1,1,8,8,0,5,35,0
5,2,1,0,1,0,0,0,3,3,0,1,35,0
5,9,0,0,1,0,0,0,1,1,0,0,35,0
5,2,1,0,1,0,1,1,1,1,0,6,35,0
0,1,0,0,1,0,1,1,2,2,0,5,35,0
5,2,0,0,2,0,0,0,6,11,3,0,35,0
3,4,0,2,1,0,0,0,2,2,5,1,35,0
0,1,0,0,0,0,1,1,2,2,15,5,25,0
4,2,0,0,2,0,1,1,5,5,5,6,35,0
0,3,0,0,2,0,1,1,11,9,0,5,45,0
0,11,0,5,1,0,0,0,0,0,0,0,45,0
5,3,0,0,5,0,0,0,1,1,0,1,40,0
0,5,0,2,1,0,1,0,2,2,0,2,35,0
0,0,0,0,2,0,0,0,0,0,15,0,25,0
3,4,0,2,1,0,1,0,2,2,0,5,45,0
4,2,0,0,2,0,0,0,8,8,3,0,30,0
1,0,0,0,8,0,0,0,0,0,0,3,35,0
5,3,1,0,2,0,0,0,2,2,0,1,30,0
4,3,0,0,0,0,0,0,8,8,0,1,25,0
4,3,0,0,1,0,0,0,1,1,0,4,35,0
2,1,0,2,2,1,1,0,2,2,0,1,35,0
4,2,0,0,2,0,1,0,4,4,11,1,30,0
5,4,0,0,2,0,1,1,11,9,5,5,35,0
5,0,0,0,2,0,1,1,2,2,0,1,35,0
5,12,0,0,1,0,1,0,3,3,0,5,35,0
5,5,0,0,1,0,1,0,9,10,0,4,40,0
5,0,0,0,2,0,0,0,0,0,0,0,40,0
0,11,0,5,1,0,1,1,2,2,0,3,45,0
5,0,0,0,1,0,0,0,7,7,0,3,35,0
4,4,0,0,1,0,1,0,2,2,0,5,45,0
0,3,0,0,1,0,0,0,2,2,0,1,35,0
5,2,0,0,2,0,0,0,8,8,0,1,50,0
0,2,0,2,2,0,0,0,3,3,0,1,30,0
5,1,0,0,2,0,1,1,3,3,4,1,30,0
4,0,0,0,2,0,0,0,2,2,17,3,30,0
3,4,0,2,1,0,1,1,1,1,0,5,35,0
4,0,0,0,1,0,0,0,0,0,0,3,35,0
4,0,0,0,1,0,1,0,2,2,5,3,35,0
0,3,0,0,0,0,0,0,4,4,5,1,30,0
3,0,0,2,2,0,0,0,0,0,0,1,40,0
4,4,0,0,2,0,1,1,5,5,0,5,35,0
1,1,1,4,2,0,0,0,2,2,0,1,30,0
1,0,0,1,1,0,0,0,1,1,4,3,35,0
3,4,0,2,1,0,0,0,2,2,8,1,45,0
3,0,0,2,1,0,0,0,0,0,0,3,35,0
0,3,0,0,2,0,0,0,3,3,0,1,35,0
2,10,0,2,2,0,0,0,9,10,7,1,35,0
4,3,0,0,1,0,0,0,2,2,0,0,30,0
4,3,0,0,2,0,0,0,3,3,0,1,35,0
5,12,0,0,2,0,0,0,2,2,0,1,35,0
1,1,1,2,6,0,1,0,11,9,0,1,40,0
0,2,0,0,2,0,0,0,8,8,0,1,35,0
2,1,0,2,2,0,0,0,1,1,1,1,40,0
4,3,0,0,0,0,0,0,2,2,0,1,35,0
0,2,0,0,2,0,0,0,10,6,0,8,25,1
3,4,0,2,1,0,0,0,1,1,0,1,35,0
5,0,0,0,2,0,0,0,0,0,0,0,35,0
5,0,0,0,1,0,0,0,7,7,4,0,50,0
5,2,0,0,2,0,1,0,3,3,8,6,35,0
1,7,0,1,2,0,1,1,7,7,0,6,40,0
4,1,0,0,2,0,1,1,3,3,5,5,15,0
5,3,0,0,1,0,0,0,2,2,4,1,40,0
1,3,1,2,3,0,1,1,3,3,0,2,35,0
3,3,0,2,2,0,0,0,11,10,0,1,40,0
3,4,0,2,1,0,0,0,2,2,0,1,35,0
4,3,0,0,0,0,0,0,2,2,0,1,30,0
4,0,0,0,1,0,0,0,0,0,8,3,30,0
4,7,0,0,1,0,1,1,7,7,3,12,25,0
5,3,1,0,2,0,1,1,3,3,0,5,30,0
2,1,0,2,2,0,1,1,2,2,0,1,35,0
5,0,1,0,2,0,0,0,0,0,2,3,35,0
0,5,0,2,1,0,1,0,9,10,4,2,35,0
1,3,0,0,0,0,0,0,5,5,0,1,15,0
3,4,0,2,1,0,1,1,2,2,0,5,35,0
0,0,0,5,2,0,0,0,0,0,0,4,40,0
0,0,1,0,2,0,1,0,0,0,0,1,40,0
5,0,0,0,2,0,0,0,0,0,0,3,50,0
3,3,0,4,2,0,0,0,3,3,0,1,40,0
4,0,0,0,2,0,0,0,0,0,0,3,30,0
1,0,0,0,8,0,1,0,2,2,0,3,35,0
1,0,0,1,1,0,0,0,0,0,0,3,35,0
1,1,0,2,2,0,0,0,3,3,0,1,35,0
4,0,0,0,1,0,1,0,2,2,3,3,35,0
4,11,0,0,1,0,0,0,0,0,11,0,40,0
5,3,0,0,5,0,1,1,3,3,8,5,40,0
5,3,0,0,1,0,0,0,2,2,0,1,35,0
0,6,0,1,2,0,0,0,4,10,3,1,10,0
3,2,0,2,2,0,0,0,1,1,0,3,15,0
5,0,0,0,1,0,0,0,0,0,15,3,40,0
4,2,0,0,2,0,1,0,1,1,13,6,35,0
5,12,0,0,1,0,1,0,2,2,0,1,35,0
3,0,0,4,2,0,1,1,2,2,0,3,30,0
4,4,0,0,1,0,0,0,10,11,0,0,40,0
5,0,0,0,2,0,1,1,3,3,4,1,35,0
3,4,0,2,1,0,1,0,9,10,5,5,35,0
5,12,0,0,1,0,0,0,1,1,18,1,30,0
4,0,0,0,2,0,0,0,0,0,0,1,40,0
3,0,0,2,1,0,1,0,2,2,5,1,40,0
5,3,0,0,1,0,1,1,0,0,0,5,35,0
3,0,0,2,2,0,1,1,2,2,0,6,40,0
4,4,0,0,2,0,0,0,2,2,0,1,35,0
1,1,0,0,2,0,1,0,2,2,0,1,30,0
4,3,0,0,0,0,1,0,2,2,0,2,25,0
3,3,0,4,2,0,1,1,2,2,0,1,40,0
0,0,0,0,2,0,0,0,0,0,0,0,40,0
4,3,0,0,1,0,1,0,2,2,4,1,35,0
0,2,0,0,2,0,0,0,8,8,0,8,25,1
0,3,0,0,2,0,1,1,1,1,4,5,35,0
0,0,0,0,2,0,0,0,0,0,0,1,35,0
0,7,0,0,1,0,0,0,3,3,0,1,35,0
5,4,0,0,1,0,1,0,4,4,0,5,40,0
5,5,0,0,1,0,0,0,2,2,0,1,40,0
4,0,0,0,2,0,0,0,6,5,4,0,30,0
0,4,0,5,1,0,0,0,2,2,4,1,35,0
5,2,0,0,2,0,0,0,3,3,0,1,45,0
5,2,1,0,1,0,0,0,1,1,0,1,35,0
5,0,0,0,5,0,0,0,0,0,4,0,45,0
1,0,0,1,2,0,1,1,2,2,0,1,25,0
5,2,0,0,1,0,0,0,4,4,0,1,35,0
5,0,0,0,1,0,0,0,0,0,7,4,35,0
4,0,0,0,2,0,1,1,2,2,0,1,25,0
0,4,0,5,1,0,1,0,2,2,4,5,35,0
5,0,1,0,2,0,1,1,2,2,0,3,35,0
4,3,0,0,1,0,0,0,2,2,0,1,40,0
0,10,1,0,1,0,0,0,9,10,0,1,35,0
0,0,0,0,2,0,0,0,0,0,0,3,35,0
4,4,0,0,1,0,1,0,2,2,15,5,40,0
4,4,0,0,2,0,1,1,3,3,0,5,35,0
0,0,1,0,2,0,0,0,2,2,5,1,40,0
1,2,0,2,1,0,0,0,8,8,3,0,35,0
0,2,0,5,2,0,0,0,7,7,4,1,40,0
5,3,0,0,1,0,0,0,2,2,10,1,35,0
1,0,0,0,2,0,0,0,0,0,0,3,35,0
5,12,0,0,1,0,0,0,2,2,0,3,35,0
5,6,0,0,2,0,0,0,10,11,0,5,30,0
1,12,0,1,1,0,1,1,2,2,0,1,35,0
5,12,0,0,1,0,1,1,1,1,4,5,30,0
3,3,0,2,1,0,1,1,2,2,0,2,35,0
0,0,0,5,2,0,0,0,0,0,0,4,40,0
0,2,0,2,2,0,1,0,1,1,0,1,30,0
0,0,0,0,2,0,1,1,2,2,0,3,25,0
4,0,0,0,1,0,1,1,2,2,0,1,30,0
4,0,0,0,2,0,1,1,2,2,0,1,30,0
0,0,1,0,1,0,1,0,2,2,0,3,45,0
3,0,0,2,1,0,0,0,0,0,0,0,40,0
0,2,0,5,2,0,1,1,1,1,0,6,40,0
4,0,0,2,2,0,1,1,6,6,0,6,50,0
4,7,0,0,1,0,0,0,8,8,5,0,30,0
4,0,0,0,2,0,1,1,2,2,0,6,40,0
0,1,0,0,2,0,1,0,7,7,7,12,25,0
0,7,0,0,2,0,0,0,9,10,15,12,40,0
5,12,0,0,1,0,0,0,2,2,0,1,35,0
5,1,0,0,2,0,1,1,5,5,15,2,25,0
5,3,0,0,1,0,1,1,11,9,18,5,40,0
0,0,1,0,1,0,0,0,0,0,4,0,45,0
4,3,0,0,1,0,0,0,2,2,5,1,40,0
3,3,0,2,1,0,0,0,6,6,0,2,30,0
4,4,0,0,2,0,0,0,2,2,0,1,35,0
5,4,0,0,2,0,0,0,2,2,0,1,35,0
4,3,0,0,1,1,1,1,5,5,0,5,40,0
0,10,1,0,1,0,1,1,2,2,0,1,40,0
3,0,0,2,1,0,0,0,0,0,0,0,25,0
4,0,0,0,2,0,0,0,2,2,5,8,25,1
4,4,0,0,1,0,0,0,8,8,0,1,45,0
5,7,0,0,2,0,1,1,9,10,15,12,25,0
0,0,0,0,2,0,1,1,2,2,0,1,35,0
3,3,0,2,1,0,0,0,9,10,0,2,25,0
5,0,0,0,1,0,1,1,2,2,4,4,35,0
0,1,0,0,2,0,0,0,2,2,15,1,40,0
1,3,1,2,3,0,0,0,2,2,0,1,40,0
0,2,0,0,2,0,1,1,2,2,0,1,25,0
3,4,0,2,1,0,0,0,2,2,0,1,35,0
4,0,0,0,1,0,1,1,2,2,0,1,35,0
4,0,0,0,1,0,0,0,0,0,4,3,35,0
3,0,0,4,2,0,0,0,0,0,0,3,30,0
1,2,1,1,1,0,0,0,3,3,1,5,35,0
5,0,1,0,2,0,0,0,1,1,0,3,35,0
3,0,0,2,2,0,0,0,0,0,0,1,40,0
2,1,1,2,2,0,0,0,2,2,17,2,40,0
4,0,0,0,1,0,0,0,0,0,0,0,40,0
0,3,0,0,1,0,0,0,4,4,0,5,40,0
5,0,1,0,2,0,1,0,2,2,0,1,35,0
3,1,0,2,2,0,1,1,1,2,4,1,40,0
5,2,0,0,2,0,1,0,3,3,11,1,35,0
0,3,1,0,1,0,1,0,2,2,0,3,40,0
4,3,0,0,1,0,1,0,2,2,0,4,40,0
5,0,0,0,1,0,0,0,2,2,0,0,25,0
0,2,0,0,2,0,0,0,3,3,0,1,35,0
4,7,0,0,2,0,1,1,1,1,0,3,40,0
4,0,1,0,1,0,0,0,0,0,0,0,30,0
0,3,1,0,0,0,0,0,2,2,0,1,30,0
5,7,1,0,1,0,0,0,0,0,0,0,40,0
1,10,0,0,1,0,1,0,2,2,0,2,40,0
4,3,1,0,2,0,0,0,10,11,0,13,35,0
0,0,0,0,1,0,1,1,3,3,3,4,25,0
0,0,0,0,2,0,0,1,2,0,0,1,35,0
5,0,0,0,2,0,0,0,0,0,0,0,0,0
0,0,0,0,2,0,0,0,0,0,0,3,40,0
4,3,1,0,2,0,0,0,1,1,15,1,35,0
1,10,0,0,1,0,0,0,6,6,0,12,40,0
2,9,1,4,2,0,0,0,2,2,0,1,35,0
4,7,1,0,2,0,0,0,2,2,4,1,25,0
4,3,0,0,2,0,1,0,0,0,13,1,25,0
5,0,0,0,1,0,0,0,0,0,7,1,40,0
0,4,0,0,2,0,0,0,2,2,0,1,40,0
5,7,0,0,1,0,0,0,11,9,0,5,35,0
5,3,0,0,0,0,1,1,8,8,5,4,25,0
0,3,0,5,2,0,0,0,1,1,0,3,25,0
3,0,0,2,1,1,1,0,2,2,0,1,35,0
5,12,0,0,2,1,1,0,2,2,0,1,25,0
0,0,1,0,1,0,0,0,0,0,0,0,35,0
0,0,0,0,2,0,0,0,0,2,0,1,35,0
0,0,0,0,2,0,1,1,2,2,4,1,35,0
0,12,1,5,2,0,1,0,2,2,5,1,35,0
5,3,1,0,1,0,1,0,9,10,0,1,40,0
0,3,0,0,0,0,0,0,2,2,0,1,30,0
0,0,1,0,2,0,0,0,0,0,0,0,35,0
4,0,1,0,2,0,0,0,0,0,16,8,55,1
2,9,0,2,1,0,0,0,2,2,0,1,25,0
0,2,0,0,1,0,1,1,5,5,0,6,35,0
4,3,1,1,0,0,0,0,8,8,0,1,25,0
0,3,0,0,0,0,1,1,8,8,0,12,30,0
5,1,0,0,2,0,1,0,3,3,0,1,55,0
1,3,1,0,1,0,0,0,2,2,8,1,30,0
5,3,0,0,2,0,1,1,2,2,5,1,35,0
5,2,0,0,2,0,0,0,1,1,3,4,25,0
5,3,0,0,1,0,1,0,2,2,5,1,30,0
5,4,1,0,2,0,1,0,3,3,0,5,25,0
3,1,0,2,1,0,1,1,2,2,0,3,40,0
0,0,1,0,2,0,1,1,2,2,0,3,35,0
0,3,1,0,2,0,1,1,2,2,5,1,35,0
0,12,1,5,2,0,0,0,2,2,4,1,35,0
5,3,0,0,0,0,0,0,8,8,5,1,25,0
2,2,0,2,2,0,0,0,1,1,1,8,55,1
0,0,1,0,2,0,1,1,2,2,0,3,35,0
0,3,1,0,0,0,1,0,2,10,13,3,35,0
0,6,0,0,2,0,1,0,2,2,0,2,30,0
0,3,1,0,2,0,0,0,3,3,0,5,35,0
0,0,0,0,2,0,1,1,2,2,0,2,5,0
0,2,0,0,2,0,0,0,10,11,0,1,40,0
0,3,1,0,1,0,1,1,2,2,0,3,40,0
0,2,0,2,2,0,1,1,1,1,0,1,35,0
0,6,0,0,0,0,0,0,3,3,0,2,35,0
2,2,0,2,2,0,1,1,3,3,0,1,55,0
5,5,0,0,1,0,0,0,8,9,0,1,40,0
4,0,1,0,2,0,1,1,2,2,0,3,55,0
1,3,1,0,1,0,1,0,0,0,0,5,30,0
0,4,0,5,1,0,0,0,2,2,0,1,35,0
1,3,0,2,3,0,0,0,2,2,13,1,25,0
0,1,1,0,2,0,1,0,6,6,0,1,35,0
2,7,0,2,1,0,0,0,6,6,19,3,40,0
4,0,1,0,1,0,0,0,0,0,4,0,30,0
2,0,0,2,2,0,0,0,0,0,0,12,35,0
0,3,1,0,1,0,0,0,1,1,0,4,40,0
0,6,0,0,2,0,0,0,2,2,0,1,30,0
5,3,0,0,1,0,0,0,1,1,0,1,35,0
5,4,1,0,2,0,0,0,2,2,0,1,25,0
5,0,0,0,1,0,0,0,0,0,0,3,45,0
5,0,0,0,1,0,1,0,1,1,0,1,45,0
0,0,1,2,1,1,0,0,0,0,0,0,40,0
4,2,0,0,2,0,0,0,2,2,0,1,45,0
4,0,0,0,2,0,1,1,3,3,0,1,25,0
0,3,0,5,2,0,1,1,2,2,0,12,25,0
3,1,0,2,2,0,1,0,2,2,0,5,35,0
5,4,0,0,5,0,0,0,2,2,4,1,45,0
2,7,0,2,1,0,1,0,3,3,19,2,40,0
0,0,1,2,1,0,0,0,0,0,0,0,40,0
3,12,0,2,2,0,0,0,13,2,6,1,25,0
5,0,0,0,1,0,1,1,2,2,0,3,35,0
0,6,0,0,1,0,1,1,10,11,0,16,40,0
0,6,0,0,1,0,0,0,2,2,0,2,40,0
5,2,0,0,2,0,0,0,8,9,4,1,35,0
4,3,1,0,0,0,1,1,2,2,0,1,40,0
0,2,0,0,2,0,1,1,4,4,0,6,40,0
1,0,0,2,2,0,0,0,0,0,4,8,0,1
1,3,1,0,0,0,0,0,4,4,13,1,45,0
5,3,0,0,0,0,0,0,2,2,0,1,40,0
2,1,0,2,2,0,1,0,2,2,0,1,30,0
3,7,0,2,2,0,1,0,7,7,5,12,40,0
0,3,1,0,0,0,0,0,1,1,0,2,25,0
5,2,1,0,1,0,1,0,11,9,0,5,35,0
5,4,1,0,1,0,1,0,2,2,4,5,35,0
4,7,0,0,2,0,0,0,4,4,4,12,40,0
0,3,0,0,1,0,1,1,8,2,2,2,35,0
0,0,1,0,1,0,1,1,2,2,0,3,35,0
5,0,0,0,1,0,1,1,2,2,5,3,25,0
0,2,0,0,1,0,1,0,8,8,0,12,40,0
0,2,0,2,2,0,0,0,3,3,0,12,35,0
5,3,1,0,1,0,0,0,2,2,0,2,40,0
3,4,0,2,1,0,1,0,10,11,0,1,45,0
3,7,0,2,2,0,0,1,1,1,3,2,40,0
5,12,1,0,2,0,1,0,2,2,5,16,0,0
2,0,0,5,1,0,1,0,2,2,0,1,35,0
2,0,0,2,1,0,1,1,0,0,0,10,40,0
4,7,1,0,2,0,1,0,4,4,4,3,25,0
0,2,0,0,1,0,0,0,6,6,0,0,35,0
5,0,0,0,1,0,1,1,2,2,0,1,25,0
1,3,0,2,3,0,1,0,1,1,0,4,30,0
0,0,1,0,2,0,0,0,0,0,0,3,35,0
1,4,1,0,1,0,0,0,2,2,0,1,35,0
5,7,1,0,1,0,1,1,5,5,0,6,40,0
4,3,0,0,2,0,0,0,1,1,0,1,25,0
4,0,0,0,1,0,0,0,0,0,13,3,35,0
0,13,0,0,0,0,1,1,11,9,0,5,20,0
4,0,0,0,1,0,1,1,2,2,0,1,35,0
5,3,0,0,0,0,1,1,11,9,0,5,20,0
5,3,0,0,0,0,1,1,3,3,0,12,35,0
4,0,1,0,1,0,1,0,2,2,0,3,30,0
0,0,0,0,2,0,0,0,0,0,5,8,0,1
0,3,0,5,2,0,0,0,9,10,0,1,25,0
5,0,0,0,1,0,0,0,0,0,0,1,35,0
1,1,1,4,2,0,1,0,14,14,0,1,40,0
0,4,0,5,1,0,1,0,3,3,0,5,35,0
1,4,1,0,1,0,1,1,3,3,0,5,35,0
2,9,0,2,1,0,1,1,11,9,0,1,25,0
4,2,0,0,2,0,1,0,8,4,0,1,45,0
5,0,0,0,1,0,0,0,1,1,0,0,25,0
0,0,1,0,2,0,0,0,0,0,0,0,40,0
3,4,0,2,1,0,0,0,1,1,0,5,45,0
4,3,1,0,1,0,0,0,10,11,0,2,35,0
3,12,1,2,2,0,0,0,2,2,4,1,35,0
5,0,0,0,2,0,0,0,0,0,0,3,40,0
4,3,0,0,2,0,1,1,11,9,0,5,25,0
0,0,1,0,2,0,0,0,0,0,0,0,35,0
5,0,0,0,2,0,1,0,2,2,0,3,40,0
3,6,0,2,2,0,0,0,0,0,0,5,35,0
5,0,0,0,1,0,0,0,0,0,0,3,40,0
4,3,1,0,0,0,0,0,2,2,0,1,40,0
3,1,1,2,2,0,1,0,2,2,0,3,40,0
3,3,1,2,0,0,0,0,3,3,0,1,25,0
3,0,0,2,1,0,0,0,0,0,0,0,35,0
5,0,0,0,1,0,0,0,1,1,0,0,25,0
0,3,1,0,2,0,0,0,0,0,0,10,35,0
1,1,0,0,2,0,1,1,2,2,0,1,40,0
0,1,0,0,2,0,1,1,2,2,0,1,40,0
0,4,0,0,1,0,0,0,2,2,0,5,50,0
4,0,0,0,2,0,1,1,2,2,3,3,35,0
1,1,1,0,1,0,1,0,2,2,0,7,35,0
0,2,0,0,2,0,1,0,1,1,0,1,35,0
4,0,1,0,2,0,1,1,2,2,0,1,55,0
5,0,1,0,1,0,1,0,2,2,8,2,35,0
0,2,0,0,2,0,1,0,3,3,16,12,25,0
2,3,0,2,1,0,0,0,2,2,0,1,40,0
4,3,0,0,1,0,0,0,2,2,0,1,50,0
5,12,0,0,2,0,0,0,2,2,0,1,25,0
0,1,1,0,2,0,0,0,3,3,0,1,40,0
5,7,1,0,1,0,0,0,0,0,0,3,40,0
5,1,0,0,1,0,1,0,2,2,0,12,35,0
5,0,1,0,1,0,0,0,0,0,5,0,35,0
0,13,0,0,0,0,0,0,2,2,0,1,20,0
0,0,0,0,2,0,0,0,0,0,0,0,35,0
0,3,1,0,1,0,0,0,2,2,4,5,35,0
5,3,0,0,2,0,1,1,1,1,0,5,25,0
1,3,1,0,0,0,1,0,1,1,0,12,45,0
1,3,0,2,3,0,1,1,2,2,5,5,25,0
0,0,0,0,2,0,1,1,0,0,0,3,35,0
0,4,0,0,2,0,1,1,4,4,0,5,40,0
5,3,0,0,1,0,0,0,8,8,0,5,30,0
0,0,0,0,2,0,0,0,0,0,4,0,35,0
5,3,0,0,2,0,0,0,2,2,0,6,40,0
0,3,0,0,1,0,0,0,3,3,0,8,30,1
4,0,1,0,2,0,1,0,2,2,0,1,55,0
5,4,0,0,5,0,1,0,2,2,0,5,45,0
0,1,1,2,1,1,1,1,2,14,0,1,35,0
5,0,0,0,1,0,0,0,7,0,0,1,25,0
0,3,0,2,1,0,0,0,2,2,0,1,35,0
5,3,0,0,1,0,1,0,2,2,0,1,35,0
1,0,0,0,1,0,1,0,2,2,0,1,35,0
4,2,0,0,2,0,0,0,7,7,18,3,30,0
5,2,1,0,1,0,0,0,5,5,12,5,35,0
5,2,1,0,2,0,1,1,1,1,0,16,30,0
4,12,1,0,2,0,0,0,2,2,0,1,35,0
1,0,0,0,1,0,0,0,0,0,0,0,35,0
5,4,0,0,5,0,0,0,1,1,0,1,45,0
4,2,0,0,2,0,0,0,0,0,4,3,30,0
0,0,1,0,1,0,0,0,2,2,0,3,35,0
4,3,0,0,1,0,1,0,8,8,0,5,50,0
3,1,0,2,2,0,0,0,2,2,0,1,40,0
2,3,0,2,1,0,1,0,10,11,0,5,40,0
4,2,0,0,2,0,0,0,11,4,0,1,45,0
5,3,0,0,2,0,1,1,2,2,0,5,40,0
2,0,0,5,1,0,0,0,0,0,0,0,35,0
4,0,0,0,2,0,0,0,0,0,0,3,35,0
5,3,1,0,0,0,0,0,8,8,5,1,30,0
4,3,0,0,1,0,0,0,2,2,0,1,40,0
0,4,0,0,1,0,1,1,11,9,0,1,50,0
4,3,1,0,2,0,1,0,2,2,0,1,35,0
1,3,0,2,3,0,0,0,11,9,0,1,30,0
3,1,1,4,2,0,1,0,2,2,0,1,35,0
4,3,1,1,0,0,1,1,2,2,0,4,25,0
0,0,1,2,1,0,1,1,2,2,0,3,40,0
5,0,0,0,1,0,1,0,2,2,0,1,40,0
5,0,0,0,2,0,0,0,0,0,0,0,40,0
5,0,1,0,1,0,1,1,2,2,0,3,45,0
5,5,0,0,1,0,0,0,1,1,0,1,40,0
0,0,1,0,2,0,1,1,2,2,0,3,40,0
4,3,1,0,2,0,1,0,6,6,0,13,35,0
5,3,0,0,2,0,0,0,6,6,0,12,35,0
1,0,0,0,1,0,0,0,0,0,0,0,35,0
4,0,1,0,2,0,0,0,0,0,0,3,55,0
0,0,0,0,1,0,0,0,6,6,0,3,25,0
0,0,0,0,2,0,0,1,2,2,0,1,35,0